Name,Album,Artist,Genre,Subgenre,Publish Date,Duration,BPM,Vocal Rage,E2_binary,F2_binary,F♯2_binary,G2_binary,G♯2_binary,A2_binary,A♯2_binary,B2_binary,C3_binary,C♯3_binary,D3_binary,D♯3_binary,E3_binary,F3_binary,F♯3_binary,G3_binary,G♯3_binary,A3_binary,A♯3_binary,B3_binary,C4_binary,C♯4_binary,D4_binary,D♯4_binary,E4_binary,F4_binary,F♯4_binary,G4_binary,G♯4_binary,A4_binary,A♯4_binary,B4_binary,C5_binary,C♯5_binary,D5_binary,D♯5_binary,E5_binary,F5_binary,F♯5_binary,G5_binary,G♯5_binary,A5_binary,A♯5_binary,B5_binary,C6_binary,E2_freq,F2_freq,F♯2_freq,G2_freq,G♯2_freq,A2_freq,A♯2_freq,B2_freq,C3_freq,C♯3_freq,D3_freq,D♯3_freq,E3_freq,F3_freq,F♯3_freq,G3_freq,G♯3_freq,A3_freq,A♯3_freq,B3_freq,C4_freq,C♯4_freq,D4_freq,D♯4_freq,E4_freq,F4_freq,F♯4_freq,G4_freq,G♯4_freq,A4_freq,A♯4_freq,B4_freq,C5_freq,C♯5_freq,D5_freq,D♯5_freq,E5_freq,F5_freq,F♯5_freq,G5_freq,G♯5_freq,A5_freq,A♯5_freq,B5_freq,C6_freq,D1_binary,E1_binary,F1_binary,G1_binary,A1_binary,B1_binary,C♯2_binary,D♯2_binary,C♯6_binary,D1_freq,E1_freq,F1_freq,G1_freq,A1_freq,B1_freq,C♯2_freq,D♯2_freq,C♯6_freq,C1_binary,C♯1_binary,D♯1_binary,F♯1_binary,G♯1_binary,A♯1_binary,C2_binary,D2_binary,D6_binary,D♯6_binary,F6_binary,F♯6_binary,G6_binary,A6_binary,B6_binary,C1_freq,C♯1_freq,D♯1_freq,F♯1_freq,G♯1_freq,A♯1_freq,C2_freq,D2_freq,D6_freq,D♯6_freq,F6_freq,F♯6_freq,G6_freq,A6_freq,B6_freq,E6_binary,G♯6_binary,A♯6_binary,E6_freq,G♯6_freq,A♯6_freq
17さいのうた。 ⧸ 『ユイカ』【MV】,,,,,,,,,0,0,0,0,0,0,0,0,0,0,1,1,0,0,0,1,1,1,1,1,1,1,1,1,1,1,0,1,1,1,1,1,1,1,0,0,0,0,0,0,0,0,0,0,0,2,74,2,8,2,40,14,82,194,454,1412,2196,1144,688,1054,1346,3970,3128,5112,2752,4654,3040,1550,3784,1702,1476,770,2092,5062,2788,3018,1400,2610,1294,570,1134,206,204,36,72,70,40,44,18,382,0.0,0.0,0.0,0.0,0.0,0.0,0.0,0.0,0.0,4.0,18.0,504.0,2.0,2.0,2.0,2.0,2.0,182.0,,,,,,,,,,,,,,,,,,,,,,,,,,,,,,,,,,,,
213,,,,,,,,,0,0,0,0,0,0,0,0,0,1,1,1,1,1,1,1,1,1,1,1,1,1,1,0,0,0,0,0,0,0,0,0,0,0,0,0,0,0,0,0,0,0,0,0,0,16,10,22,70,70,338,832,510,1024,1628,4884,1710,2496,5428,3088,4792,2810,8182,2818,1708,5880,2418,4244,816,962,1212,688,874,376,660,258,76,192,176,130,74,96,32,2,4,4,2,4,4,26,0.0,0.0,0.0,0.0,0.0,0.0,0.0,0.0,0.0,8.0,54.0,306.0,4.0,4.0,4.0,14.0,28.0,4.0,0.0,0.0,0.0,0.0,0.0,0.0,0.0,0.0,0.0,0.0,0.0,0.0,0.0,0.0,0.0,14.0,6.0,22.0,14.0,8.0,26.0,20.0,20.0,2.0,2.0,2.0,2.0,2.0,2.0,842.0,,,,,,
AKB0048_-_Niji_no_Ressha,,,,,,,,,0,0,0,0,0,0,0,0,0,0,0,0,0,1,1,1,1,0,1,1,1,1,1,1,1,1,1,0,1,1,0,0,0,0,0,0,0,0,0,0,0,0,0,,,240,34,4,6,6,4,18,96,84,232,346,446,782,1534,974,950,1008,744,1004,1180,3010,4360,2270,4100,3870,2556,3680,504,3230,1646,258,234,64,80,82,146,128,6,2,2,2,2,92,,,,,,,,,,,,,,,,,,,,,,,,,,,,,,,,,,,,,,,,,,,,,,,,,,,,,,,,
AKB0048_Next_Stage_-_Aruji_Naki_Sono_Koe,,,,,,,,,0,,0,,0,0,0,0,0,0,0,0,0,0,0,1,1,0,1,0,1,0,1,1,1,1,1,1,1,1,1,0,0,0,0,0,0,0,0,0,0,,0,,0,4,,4,,2,14,512,162,538,168,280,394,126,190,276,1538,2440,944,2066,808,2728,1152,5076,9080,2166,6730,2264,5822,3008,1254,5756,464,908,8,8,4,4,6,4,374,2,,6,,2,0.0,0.0,0.0,0.0,0.0,0.0,0.0,0.0,0.0,8.0,100.0,1050.0,2.0,2.0,2.0,2.0,4.0,4.0,0.0,0.0,0.0,0.0,0.0,0.0,0.0,,,0.0,0.0,0.0,0.0,,,82.0,8.0,8.0,2.0,2.0,2.0,2.0,,,4.0,2.0,26.0,36.0,,,,,,,,
Akane-Iro_ni_Somaru_Saka_-_Mezamenai_Wish,,,,,,,,,0,0,0,0,0,0,0,0,0,0,0,0,0,0,1,1,0,1,1,0,1,1,1,1,1,1,1,1,0,1,0,0,1,0,1,0,0,0,0,0,0,0,0,0,0,14,36,26,20,10,16,22,24,30,106,396,194,336,738,2032,1640,908,3428,1056,868,1172,2892,3926,2464,4218,3456,2064,3100,868,1420,390,622,1816,312,1502,118,198,22,34,280,58,88,32,18,282,0.0,0.0,0.0,0.0,0.0,0.0,0.0,0.0,0.0,88.0,168.0,622.0,42.0,6.0,8.0,8.0,6.0,72.0,0.0,0.0,0.0,0.0,0.0,0.0,0.0,0.0,0.0,0.0,0.0,0.0,0.0,0.0,1.0,52.0,36.0,50.0,94.0,28.0,6.0,6.0,4.0,72.0,6.0,6.0,2.0,6.0,8.0,1032.0,0.0,0.0,0.0,4.0,2.0,24.0
Akane-iro_ni_Somaru_Saka_-_Ai_Koko_Kara,,,,,,,,,0,0,,0,0,0,0,0,0,0,0,0,0,0,0,1,0,0,1,0,1,1,1,1,1,1,1,1,1,1,1,1,1,0,0,0,0,0,0,0,0,0,0,0,0,2,4,,2,2,2,2,8,106,24,94,150,146,360,462,1082,330,652,922,720,1352,1654,2398,1802,3072,3900,3938,5016,2422,3952,1756,3340,1270,372,478,184,42,26,6,20,16,72,216,10,130,,0.0,0.0,0.0,0.0,0.0,0.0,0.0,0.0,,38.0,852.0,4.0,2.0,4.0,2.0,4.0,28.0,,,,,,0.0,,0.0,0.0,0.0,0.0,,0.0,0.0,0.0,,,,,,2.0,,2.0,58.0,18.0,2.0,,2.0,2.0,420.0,,,,,,
Angel_Beats_-_Alchemy,,,,,,,,,0,,0,,0,0,0,0,0,1,0,0,0,0,0,0,0,0,1,0,1,1,1,1,1,1,1,1,1,0,1,0,0,0,0,0,0,0,0,0,0,0,0,0,1,4,,4,,4,4,16,20,158,1518,336,314,228,314,546,830,746,950,2114,968,3206,5654,4092,3192,2402,5262,2164,4512,1338,610,1322,210,676,524,278,404,150,142,176,258,528,42,48,54,1244,0.0,0.0,0.0,0.0,,0.0,,0.0,1.0,4.0,68.0,928.0,6.0,,2.0,,6.0,2792.0,,,0.0,,0.0,0.0,0.0,0.0,,,,,,,,,,2.0,,4.0,4.0,2.0,4.0,,,,,,,,,,,,,
Angel_Beats_-_Crow_Song,,,,,,,,,,0,0,0,0,0,0,0,0,0,0,1,0,0,0,1,0,1,1,0,1,1,1,1,1,1,1,1,1,1,1,1,1,0,1,1,0,0,0,0,0,0,0,0,0,,4,2,2,2,4,2,24,258,186,432,1304,384,830,780,1664,788,1112,4130,972,1146,1232,2964,5898,4428,1898,1220,2940,2690,1670,3246,1052,1616,310,1200,1092,178,42,18,38,26,54,176,52,688,,0.0,0.0,0.0,0.0,0.0,0.0,0.0,0.0,,6.0,176.0,2.0,6.0,4.0,2.0,4.0,34.0,,,,0.0,,,0.0,0.0,0.0,0.0,,0.0,,,0.0,,,,2.0,,,2.0,2.0,344.0,2.0,,2.0,,,280.0,0.0,0.0,0.0,2.0,2.0,2.0
Angel_Beats_-_Ichiban_no_Takaramono,,,,,,,,,0,0,0,0,0,0,0,0,0,0,0,0,0,1,1,1,1,1,1,1,1,1,1,1,1,1,0,0,1,1,1,1,1,0,0,0,0,0,0,0,0,0,0,0,0,56,124,86,68,76,180,570,208,768,422,994,376,322,2066,1690,1890,1488,6942,7248,3180,4456,2354,4402,2026,2316,2030,360,848,2770,5442,3326,1764,2324,322,524,224,86,126,70,102,246,608,524,834,658,0.0,0.0,0.0,0.0,0.0,0.0,0.0,0.0,1.0,22.0,104.0,420.0,40.0,46.0,22.0,32.0,48.0,1712.0,0.0,0.0,0.0,0.0,0.0,0.0,0.0,0.0,0.0,0.0,,0.0,,,0.0,224.0,44.0,34.0,78.0,40.0,32.0,30.0,78.0,102.0,2.0,,2.0,,,1380.0,0.0,0.0,0.0,2.0,2.0,2.0
Angel_Beats_-_Ichiban_no_Takaramono_Karuta_Version,,,,,,,,,0,0,0,0,0,0,0,0,0,0,0,0,0,0,0,0,0,1,1,1,1,1,1,1,1,1,1,0,1,1,1,1,1,1,1,0,0,0,0,0,0,0,0,0,0,6,12,6,6,12,122,832,102,606,142,1008,172,678,1202,430,768,698,3544,2760,1544,3106,1976,5064,2232,2804,7506,1472,1418,3278,8022,3958,2432,4140,1940,1994,400,96,424,94,324,102,154,226,48,718,0.0,0.0,0.0,0.0,0.0,0.0,0.0,0.0,0.0,62.0,182.0,272.0,10.0,8.0,4.0,6.0,8.0,518.0,0.0,0.0,0.0,0.0,0.0,0.0,0.0,0.0,0.0,0.0,0.0,0.0,0.0,0.0,1.0,264.0,72.0,120.0,14.0,10.0,12.0,6.0,6.0,48.0,4.0,14.0,4.0,4.0,4.0,1772.0,0.0,0.0,0.0,4.0,2.0,12.0
AnoHana_-_Secret_Base_Kimi_ga_Kureta_Mono_10_Years_After,,,,,,,,,0,0,0,0,0,0,0,0,0,0,0,1,0,0,0,0,0,0,0,0,0,1,1,1,0,1,1,0,1,1,1,0,0,1,0,0,0,0,0,0,0,0,0,0,0,12,30,8,2,4,2,4,170,300,446,572,1508,254,172,712,254,234,224,524,234,912,5248,1828,5144,1312,5514,16998,1060,7800,1810,9722,798,180,2288,252,196,100,102,128,38,110,40,252,176,92,0.0,0.0,0.0,0.0,,0.0,0.0,0.0,0.0,14.0,88.0,268.0,2.0,,2.0,6.0,4.0,876.0,0.0,0.0,0.0,0.0,0.0,0.0,0.0,,0.0,0.0,0.0,0.0,0.0,,0.0,50.0,12.0,10.0,8.0,2.0,4.0,2.0,,8.0,8.0,8.0,4.0,16.0,,1334.0,0.0,0.0,0.0,2.0,2.0,4.0
Aoi_Hana_-_Centifolia,,,,,,,,,,,,,0,0,0,0,0,0,0,0,0,0,0,0,0,0,0,0,0,0,1,1,1,1,0,1,1,0,1,0,1,0,0,0,0,0,0,0,0,0,1,0,0,,,,,132,2,2,2,2,46,126,908,294,120,426,518,662,598,664,352,784,896,1532,8598,1140,5252,1074,6064,3272,1028,9242,884,1488,396,988,862,148,118,106,340,136,200,2482,328,576,,,,,,,,,0.0,,,,,,,,,4.0,,,,,,,,,0.0,0.0,0.0,0.0,,0.0,0.0,,,,,,,,,2.0,2.0,2.0,2.0,,2.0,1040.0,,0.0,,,2.0,
Aoi_Hana_-_Centifolia_2,,,,,,,,,0,0,0,0,0,0,0,0,0,0,0,0,0,0,0,0,0,0,0,0,0,0,1,1,1,1,0,1,1,0,1,0,1,0,0,0,0,0,0,0,0,0,1,0,0,10,12,8,8,110,8,4,14,24,124,136,932,402,180,480,500,630,558,668,358,798,872,1406,8808,1134,5062,1018,6096,3320,990,9338,804,1434,330,788,882,116,112,108,358,164,192,2406,296,654,,0.0,0.0,0.0,0.0,0.0,0.0,0.0,0.0,,44.0,164.0,6.0,6.0,6.0,4.0,4.0,4.0,,,,,,,,0.0,0.0,0.0,0.0,,0.0,0.0,0.0,,,,,,,,2.0,6.0,14.0,2.0,,2.0,2.0,926.0,,,,,,
Bakemonogatari-Kimi no Shiranai Monogatari,,,,,,,,,0,,0,0,0,0,0,0,0,0,0,0,1,0,0,0,0,1,0,1,0,1,1,0,1,0,1,0,1,1,0,1,0,1,1,0,0,0,0,0,0,0,0,0,0,2,,6,4,12,714,88,116,136,710,1110,606,1512,548,1090,580,900,5816,1112,2388,948,3994,1842,1124,7162,768,2752,604,4378,9908,676,5206,958,6330,1722,170,112,94,38,56,118,586,64,180,22,0.0,0.0,0.0,0.0,,,0.0,0.0,0.0,4.0,160.0,592.0,4.0,,,2.0,2.0,90.0,0.0,0.0,0.0,0.0,0.0,0.0,0.0,,,,,,,,,60.0,4.0,18.0,18.0,2.0,2.0,2.0,,,,,,,,,,,,,,
Bakemonogatari-Renai Circulation,,,,,,,,,0,0,0,0,0,0,0,0,0,0,0,0,0,0,0,0,0,0,0,1,1,1,1,1,1,1,1,1,1,1,0,1,0,0,0,0,0,0,0,0,0,0,0,0,0,2,6,4,2,4,14,22,70,150,770,276,174,542,254,270,222,606,750,814,1380,2360,5448,3424,2694,8268,2930,3264,1246,5010,2548,820,1286,858,1002,624,622,278,158,58,60,70,48,68,52,430,0.0,0.0,0.0,0.0,0.0,0.0,0.0,0.0,0.0,4.0,4.0,352.0,4.0,4.0,4.0,2.0,4.0,54.0,0.0,0.0,,0.0,0.0,0.0,0.0,0.0,0.0,0.0,0.0,0.0,0.0,0.0,0.0,34.0,4.0,,2.0,2.0,4.0,4.0,4.0,14.0,158.0,8.0,36.0,20.0,2.0,26.0,0.0,0.0,0.0,18.0,6.0,56.0
Bakemonogatari-SugarSweet Nightmare,,,,,,,,,0,0,0,0,0,0,0,0,0,0,0,0,0,0,1,0,0,0,0,1,1,1,1,1,1,1,1,1,1,1,1,1,0,1,0,0,0,0,0,0,0,0,0,0,0,12,16,18,4,8,16,78,390,292,856,746,394,180,366,2096,1068,592,372,788,1134,1348,3638,4822,3216,6010,3358,5568,1510,4154,2976,1326,1568,450,1942,336,100,54,142,86,14,106,54,14,48,38,0.0,0.0,0.0,0.0,0.0,0.0,0.0,0.0,0.0,16.0,110.0,724.0,4.0,4.0,4.0,6.0,2.0,610.0,0.0,0.0,0.0,0.0,0.0,0.0,0.0,0.0,0.0,,,,,,,84.0,10.0,10.0,18.0,6.0,6.0,6.0,6.0,14.0,,,,,,,,,,,,
Bleach_-_Change,,,,,,,,,0,,0,,0,,0,0,0,0,0,0,1,0,0,0,0,0,0,0,0,1,1,1,1,1,1,1,1,1,1,1,1,1,1,1,0,0,0,0,0,0,0,0,0,2,,2,,2,,62,332,738,726,796,520,1002,898,960,834,662,790,742,500,872,1236,1250,1198,2948,1828,3622,4274,3836,3616,2636,4066,2788,1022,2264,1062,156,170,82,194,64,46,60,64,260,,0.0,0.0,,0.0,0.0,,0.0,0.0,,6.0,722.0,,2.0,2.0,,2.0,42.0,,,,0.0,,,0.0,,,,,,,,,,,,2.0,,,2.0,,,,,,,,,,,,,,
Bleach_-_Harukaze,,,,,,,,,0,0,0,0,0,0,0,0,0,0,0,0,1,0,0,0,0,0,0,1,0,1,1,1,1,1,1,1,1,1,0,1,0,0,0,0,0,0,0,0,0,0,0,0,0,30,4,6,2,6,12,72,256,520,934,834,904,1166,486,654,950,782,956,836,1396,596,1892,1356,3044,8776,3250,8812,1530,7398,2230,566,1650,190,420,66,96,138,94,52,58,150,102,24,132,120,0.0,0.0,0.0,0.0,0.0,0.0,,,0.0,4.0,178.0,596.0,4.0,4.0,2.0,,,94.0,0.0,0.0,0.0,0.0,,,0.0,0.0,0.0,0.0,0.0,0.0,0.0,0.0,0.0,50.0,10.0,10.0,16.0,,,4.0,4.0,10.0,24.0,14.0,4.0,26.0,60.0,688.0,0.0,0.0,0.0,14.0,396.0,44.0
Blood-C_-_Junketsu_Paradox,,,,,,,,,,,,,0,0,0,0,0,0,0,0,0,0,1,0,0,1,1,1,1,1,1,1,1,1,1,1,1,1,1,1,1,1,0,0,0,0,0,0,0,0,0,0,0,,,,,2,42,72,180,168,276,508,430,490,616,1834,904,694,1632,1074,1392,1622,1972,2332,1078,3546,2730,4950,2472,1326,2124,2728,5240,1164,1954,960,416,528,212,164,198,100,136,84,98,114,,,,,,,,,0.0,,,,,,,,,26.0,,,,,,,,,,0.0,0.0,0.0,0.0,,1.0,,,,,,,,,,2.0,2.0,2.0,2.0,,1132.0,,0.0,0.0,,2.0,2.0
Chuunibyou_Demo_Koi_ga_Shitai_-_Inside_Identity,,,,,,,,,,0,0,0,,0,0,0,0,0,0,0,0,0,0,0,0,0,0,0,1,1,1,1,1,1,1,1,1,1,1,1,1,0,0,0,0,0,0,0,0,0,0,0,0,,8,4,2,,18,14,114,142,270,808,506,404,388,570,472,304,438,532,974,1092,1546,3792,2288,4730,3742,8720,2310,1320,4872,2566,3836,1146,798,342,274,180,116,104,82,48,234,114,328,224,,0.0,0.0,0.0,0.0,0.0,0.0,0.0,0.0,,28.0,568.0,4.0,6.0,6.0,6.0,6.0,180.0,,,,0.0,,,,,0.0,0.0,0.0,0.0,0.0,0.0,0.0,,,,2.0,,,,,6.0,12.0,16.0,8.0,24.0,58.0,650.0,0.0,0.0,0.0,16.0,6.0,60.0
Chuunibyou_Demo_Koi_ga_Shitai_Lite_-_Shikkoku_ni_Odoru_Haou_Bushi,,,,,,,,,0,0,0,0,0,0,0,0,0,0,0,0,0,0,0,0,0,0,0,0,1,1,1,1,1,1,1,1,1,1,1,1,1,0,0,0,0,0,0,0,0,0,0,0,0,22,80,4,2,4,2,42,82,102,118,118,122,82,132,262,300,174,280,544,512,1090,942,1556,1660,2306,3878,3714,4824,4672,3564,2906,962,934,456,260,606,224,392,114,186,240,160,176,54,110,,0.0,0.0,0.0,0.0,0.0,0.0,0.0,0.0,,22.0,266.0,6.0,6.0,4.0,6.0,4.0,72.0,,,,,,0.0,,0.0,0.0,0.0,0.0,0.0,0.0,0.0,1.0,,,,,,2.0,,2.0,52.0,406.0,56.0,6.0,4.0,20.0,926.0,0.0,0.0,0.0,32.0,8.0,170.0
Densetsu_no_Yuusha_no_Densetsu_-_Last_Inferno,,,,,,,,,0,0,0,0,0,0,0,0,0,0,0,1,1,0,0,1,1,0,0,0,0,1,1,1,1,1,1,1,1,0,1,1,1,1,0,1,0,0,0,0,0,0,0,0,1,2,14,4,4,8,6,56,88,948,518,876,1552,1256,800,764,1070,1270,816,762,392,800,1178,1366,2026,1418,3036,1742,4998,6884,948,3280,1754,2258,1284,634,2266,396,780,242,118,856,88,112,462,1250,,0.0,0.0,0.0,0.0,0.0,0.0,0.0,0.0,,8.0,282.0,6.0,4.0,2.0,4.0,4.0,394.0,,,0.0,,,0.0,0.0,0.0,0.0,0.0,0.0,0.0,0.0,0.0,0.0,,,4.0,,,4.0,2.0,2.0,36.0,532.0,12.0,10.0,58.0,102.0,324.0,0.0,0.0,0.0,34.0,10.0,28.0
Ef_-_A_Tale_of_Melodies_-_Ebullient_Future,,,,,,,,,,0,0,,,0,0,0,0,0,0,0,0,1,1,0,0,0,1,0,1,1,0,0,0,1,0,0,1,1,1,1,1,1,0,1,0,1,0,0,0,0,0,0,0,,2,2,,,2,626,42,320,406,342,460,424,1242,1524,674,380,592,1926,384,996,1352,350,378,258,1252,730,442,4288,1058,8164,1132,5102,4628,238,1730,216,1242,82,8,32,18,68,6,24,,0.0,0.0,,0.0,,,0.0,0.0,,166.0,846.0,,2.0,,,2.0,14.0,,,0.0,,0.0,0.0,0.0,0.0,,,,,,,,,,46.0,,2.0,2.0,2.0,2.0,,,,,,,,,,,,,
End_of_Evangelion_-_Thanatos_If_I_Cant_Be_Yours,,,,,,,,,0,0,0,0,0,0,0,0,0,0,0,0,0,0,1,0,0,1,0,0,1,1,1,1,1,1,1,1,1,1,1,1,1,0,1,0,0,1,0,0,0,0,0,0,0,6,36,6,4,6,4,6,30,154,608,1120,564,548,576,1220,448,762,1958,498,428,1508,1712,2614,1358,3764,4348,2898,4608,3344,7562,3336,1512,3474,778,1336,394,1100,1432,60,374,110,104,160,32,142,0.0,0.0,0.0,,,0.0,,0.0,0.0,16.0,68.0,272.0,,,2.0,,2.0,28.0,0.0,,0.0,0.0,0.0,0.0,,0.0,0.0,0.0,0.0,0.0,0.0,0.0,0.0,14.0,,12.0,10.0,2.0,2.0,,2.0,10.0,146.0,40.0,42.0,18.0,2.0,24.0,0.0,0.0,0.0,32.0,28.0,2.0
Evangelion_-_Cruel_Angels_Thesis,,,,,,,,,0,0,0,,0,0,0,0,0,0,0,0,0,0,0,0,0,1,1,1,1,1,1,1,1,1,1,1,1,0,1,0,0,0,0,0,0,0,0,0,0,0,0,0,0,6,210,2,,2,2,48,20,44,66,60,262,76,134,280,712,762,1256,1816,1222,3168,2314,4476,6056,2242,7068,2096,4350,2634,770,2992,770,980,178,160,358,84,86,80,222,64,10,38,60,486,,0.0,0.0,0.0,0.0,0.0,0.0,0.0,,,6.0,272.0,4.0,4.0,4.0,6.0,6.0,,,,,0.0,0.0,0.0,0.0,,,,,,,,,,,,2.0,2.0,2.0,2.0,,,,,,,,,,,,,,
Evangelion_Death__Rebirth_-_Tamashii_no_Rufuran_Aqua_Groove_Remix,,,,,,,,,0,0,0,0,0,0,0,0,0,0,0,0,0,0,0,1,0,1,1,1,1,1,1,1,1,1,0,1,0,1,0,1,1,0,0,0,0,0,0,0,0,0,0,0,0,46,38,14,30,38,520,164,168,232,346,1094,592,1258,838,1232,1468,1300,3358,3362,3270,4054,1832,4748,2018,10118,2360,700,2026,1004,6788,324,3066,2714,78,38,18,164,184,40,194,114,40,24,34,134,0.0,0.0,0.0,0.0,0.0,0.0,0.0,0.0,0.0,88.0,128.0,154.0,38.0,70.0,38.0,28.0,40.0,66.0,0.0,0.0,0.0,0.0,0.0,0.0,0.0,0.0,0.0,,0.0,,,,1.0,246.0,40.0,48.0,44.0,28.0,34.0,32.0,60.0,234.0,,2.0,,,,1678.0,0.0,0.0,0.0,2.0,2.0,4.0
Fairy_Tail_OVA_-_Daily_Hymn_This_Place,,,,,,,,,0,0,0,0,0,0,0,0,1,0,0,0,0,1,0,1,0,1,1,1,1,1,1,1,1,1,1,1,1,1,1,0,0,0,0,0,0,0,0,0,0,0,0,0,0,10,34,4,2,6,54,84,114,1020,312,706,356,528,1398,742,1092,666,2642,2330,1052,3146,2086,2584,1542,4382,4990,2352,2966,1618,3430,1556,296,834,158,100,94,60,32,18,16,28,20,114,84,498,0.0,0.0,0.0,0.0,0.0,0.0,0.0,0.0,0.0,4.0,4.0,150.0,2.0,18.0,52.0,8.0,6.0,38.0,0.0,0.0,,,0.0,0.0,0.0,0.0,0.0,0.0,,,,,,26.0,4.0,,,12.0,26.0,12.0,6.0,8.0,76.0,,,,,,,,,,,
FateZero_-_Oath_Sign,,,,,,,,,0,0,0,0,,0,,0,0,0,0,0,0,0,1,0,0,0,0,0,1,1,1,1,1,1,1,1,1,1,1,1,1,1,1,0,0,0,0,0,0,0,0,0,0,18,56,2,4,,4,,4,32,260,402,354,428,222,1316,296,362,110,258,814,1222,2008,3590,1382,2408,2086,5688,2976,3022,4582,1266,4858,1426,1748,1108,408,338,278,134,246,454,500,332,682,484,,0.0,0.0,0.0,0.0,,0.0,0.0,0.0,,6.0,644.0,2.0,2.0,,2.0,2.0,746.0,,,,,,,0.0,,0.0,0.0,0.0,0.0,0.0,0.0,0.0,,,,,,,2.0,,82.0,18.0,6.0,6.0,6.0,2.0,36.0,0.0,0.0,0.0,2.0,12.0,4.0
FateZero_2_-_To_The_Beginning,,,,,,,,,0,0,0,0,0,0,0,0,0,0,0,1,0,0,0,0,0,0,1,1,1,1,1,1,1,1,1,1,1,1,1,1,1,1,1,0,0,0,0,0,0,0,0,,0,10,60,2,6,8,238,12,118,16,34,218,1368,90,110,466,460,344,900,1404,1200,2186,2042,2034,1662,3524,2488,3818,2156,3544,6356,3642,1662,1382,3082,1514,290,546,340,228,184,14,26,328,,8,,0.0,0.0,0.0,0.0,0.0,0.0,,0.0,,46.0,254.0,8.0,4.0,2.0,4.0,,48.0,,,0.0,0.0,0.0,0.0,0.0,0.0,,0.0,0.0,,0.0,,0.0,,,2.0,14.0,2.0,2.0,4.0,6.0,,76.0,2.0,,2.0,,702.0,0.0,,0.0,24.0,,4.0
Ga-Rei_Zero_-_Paradise_Lost,,,,,,,,,0,0,,,0,,0,0,0,0,0,0,1,1,1,1,0,1,1,1,1,1,1,1,1,1,1,1,0,1,0,1,0,0,0,0,0,0,0,0,0,0,0,0,0,2,2,,,2,,42,128,354,330,604,860,1760,1570,1316,1466,1086,2520,1878,3976,1804,2024,3806,3234,8576,1750,3862,2962,752,2104,478,2188,770,136,178,260,670,144,466,174,46,82,106,494,272,,,0.0,0.0,0.0,,,,0.0,,,202.0,2.0,2.0,,,,134.0,,,,,,,0.0,0.0,0.0,0.0,0.0,0.0,0.0,0.0,0.0,,,,,,,2.0,2.0,10.0,10.0,332.0,124.0,12.0,6.0,308.0,0.0,0.0,0.0,22.0,294.0,16.0
Gundam_Seed_Destiny_Special_-_Tears,,,,,,,,,0,0,0,0,0,0,0,0,0,0,0,0,0,0,0,1,0,0,0,0,1,1,1,0,1,1,1,1,1,1,1,0,0,0,0,0,0,0,0,0,0,0,0,,0,38,76,8,10,4,34,60,70,508,360,656,664,428,682,980,1342,618,864,840,754,3270,2070,3380,942,2850,8814,2910,9172,1530,4324,1944,244,584,60,76,34,150,314,44,164,32,78,28,,2,,0.0,0.0,0.0,0.0,0.0,0.0,0.0,0.0,,26.0,716.0,4.0,4.0,4.0,4.0,16.0,2.0,,,,,,,,,,0.0,,0.0,0.0,,0.0,,,,,,,,,,2.0,,2.0,2.0,,506.0,,,0.0,,,2.0
Gundam_UC_-_ReI_AM,,,,,,,,,,0,0,0,0,0,0,0,0,0,0,0,0,0,0,0,1,0,1,0,1,1,1,1,1,1,0,1,1,1,1,1,1,0,0,0,0,0,0,0,1,0,0,0,0,,148,2,2,2,24,44,20,434,150,298,898,230,510,540,1310,4676,1264,1652,862,2440,2448,2794,7598,1912,3216,1390,2924,12350,2002,5750,1516,2852,930,574,930,302,228,144,380,2088,120,416,28,440,,,,,,,,,0.0,,,,,,,,,60.0,,,,,,,,,0.0,0.0,0.0,,0.0,0.0,0.0,,,,,,,,,10.0,8.0,38.0,,10.0,126.0,8.0,0.0,0.0,0.0,392.0,4.0,34.0
Hanasaku_Iroha_-_Hana_no_Iro,,,,,,,,,0,,0,0,0,0,0,0,0,0,0,0,0,0,1,1,0,0,0,0,0,1,1,0,1,0,1,1,1,1,1,1,1,0,1,0,0,0,0,0,0,0,0,0,0,4,,4,14,6,2,14,26,166,228,668,274,886,360,998,3024,428,772,312,196,374,1126,2610,660,2218,884,5330,8426,1176,4780,1466,4214,1572,450,1088,250,342,104,54,88,68,256,58,260,426,0.0,0.0,0.0,0.0,0.0,0.0,,,0.0,4.0,64.0,214.0,6.0,2.0,4.0,,,314.0,0.0,0.0,0.0,0.0,0.0,0.0,0.0,0.0,0.0,0.0,0.0,,,0.0,,142.0,8.0,16.0,4.0,8.0,4.0,86.0,4.0,296.0,70.0,4.0,,,26.0,,0.0,0.0,,872.0,4.0,
Hanasaku_Iroha_-_Tsukikage_to_Buranko,,,,,,,,,0,0,0,0,0,0,0,0,1,1,0,1,0,0,0,1,1,1,1,0,1,1,1,1,0,1,1,1,1,0,1,0,1,0,0,0,0,0,0,0,0,0,0,0,1,4,100,2,2,16,8,24,88,1210,1388,422,1278,486,770,688,1302,3858,1366,1996,700,3644,2298,1268,5580,826,1540,1132,1744,4554,526,966,576,1566,666,88,212,30,30,26,28,132,14,98,26,1290,,0.0,0.0,0.0,,,,0.0,0.0,,82.0,530.0,2.0,,,,2.0,10.0,,,,0.0,0.0,0.0,0.0,0.0,0.0,0.0,,0.0,0.0,,,,,,4.0,2.0,2.0,2.0,2.0,6.0,218.0,,4.0,24.0,,,0.0,,,2.0,,
Haru Uta - Ikimonogakari,,,,,,,,,0,0,0,0,0,0,0,0,0,0,0,0,0,0,1,1,0,0,0,0,1,0,1,1,1,1,1,1,1,1,1,1,0,0,0,0,0,0,0,1,0,0,0,0,0,4,20,2,20,6,18,32,92,100,132,246,274,598,808,1794,1578,526,552,482,926,1244,738,2836,1290,4054,1296,5020,8526,1264,6554,1362,5978,408,214,372,448,248,150,300,3720,118,682,76,340,202,0.0,0.0,1.0,0.0,0.0,0.0,0.0,0.0,0.0,30.0,274.0,1264.0,44.0,60.0,8.0,6.0,12.0,24.0,0.0,0.0,0.0,0.0,0.0,0.0,0.0,0.0,0.0,0.0,0.0,0.0,0.0,0.0,0.0,382.0,54.0,76.0,80.0,30.0,30.0,4.0,2.0,34.0,24.0,6.0,14.0,6.0,10.0,648.0,0.0,0.0,0.0,10.0,4.0,16.0
Hataraku_Maou-sama_-_Tsuki_Hana,,,,,,,,,,0,0,0,0,0,0,0,0,0,0,0,0,0,1,0,0,0,1,1,1,1,1,0,0,1,1,0,1,1,1,1,0,0,0,0,0,0,0,0,0,0,0,0,0,,4,666,16,26,12,60,176,88,354,460,510,312,870,3002,1150,924,638,1454,1420,1704,7844,1796,954,992,3580,9384,1002,6598,1234,5898,2170,232,632,104,226,88,32,68,14,36,38,26,6,34,,,0.0,0.0,0.0,0.0,0.0,0.0,0.0,,,176.0,2.0,4.0,4.0,4.0,4.0,394.0,,,,0.0,0.0,0.0,,0.0,0.0,0.0,,,,,,,,,2.0,2.0,2.0,,2.0,2.0,74.0,,,,,,,,,,,
Hayate_no_Gotoku_Cant_Take_My_Eyes_Off_You_-_Cant_Take_My_Eyes_Off_You,,,,,,,,,,,0,0,0,0,0,0,0,0,0,0,0,1,1,1,1,1,1,0,1,0,1,0,1,1,1,1,1,1,1,1,1,0,0,0,0,0,0,0,0,0,0,0,0,,,14,40,66,72,86,110,188,546,588,762,570,1574,1628,1944,1490,1414,1584,818,2820,836,1468,786,2016,5230,1248,4084,1034,3146,1986,992,1204,422,580,592,246,126,24,280,68,44,16,56,306,,0.0,0.0,0.0,,0.0,,0.0,0.0,,4.0,104.0,2.0,,2.0,,2.0,6.0,,,,,,0.0,,0.0,0.0,0.0,0.0,0.0,0.0,,,,,,,,2.0,,2.0,4.0,14.0,4.0,8.0,34.0,,,,,,,,
Hidan_no_Aria_-_Scarlet_Ballet,,,,,,,,,0,0,0,0,0,0,0,0,0,0,0,0,0,0,1,1,0,1,1,1,1,1,1,1,1,1,1,1,1,1,1,1,0,0,0,0,0,0,1,0,0,0,0,1,0,2,16,2,4,2,6,20,208,122,76,192,164,256,356,1676,1256,856,1550,1736,1236,1660,2318,2466,1712,2868,1882,4114,2680,1832,4008,1490,3548,810,656,384,404,410,720,1282,644,212,480,678,1618,362,,0.0,0.0,0.0,0.0,0.0,0.0,0.0,0.0,,2.0,206.0,2.0,2.0,4.0,2.0,4.0,38.0,,,,0.0,0.0,0.0,,0.0,0.0,0.0,0.0,0.0,,0.0,0.0,,,,2.0,2.0,2.0,,2.0,16.0,54.0,6.0,48.0,,2.0,730.0,0.0,,0.0,34.0,,4.0
High_School_DxD_-_Study_x_Study,,,,,,,,,0,0,0,0,0,0,0,0,0,0,0,0,0,0,0,0,0,0,0,0,0,0,1,1,1,1,1,1,1,1,1,1,0,1,0,0,0,0,0,0,0,0,0,0,0,6,172,2,4,14,44,228,188,234,356,804,392,536,576,288,128,148,264,388,192,882,728,1932,1672,1378,4046,2254,2584,4678,12698,2584,2544,840,1478,342,224,184,276,194,46,34,106,110,4,84,0.0,0.0,0.0,0.0,0.0,0.0,0.0,0.0,0.0,4.0,4.0,328.0,6.0,4.0,4.0,4.0,4.0,32.0,0.0,0.0,,0.0,,,,,0.0,0.0,0.0,0.0,0.0,0.0,0.0,88.0,2.0,,2.0,,,,,6.0,2.0,6.0,4.0,6.0,68.0,6.0,0.0,0.0,0.0,10.0,6.0,14.0
High_School_DxD_-_Trip_Innocent_of_D,,,,,,,,,0,0,0,0,0,0,0,0,0,0,1,1,0,1,1,1,1,1,1,0,1,1,1,1,1,1,1,1,1,1,1,1,1,0,0,0,0,0,0,0,0,0,0,0,0,2,4,2,2,2,8,38,78,642,984,1138,1902,694,1806,1616,1204,1082,1166,1128,846,2760,2416,1758,2080,3440,2188,1512,4404,3552,4648,2264,2170,1894,216,86,42,86,24,10,4,4,10,10,36,50,0.0,0.0,0.0,0.0,0.0,,0.0,0.0,0.0,20.0,48.0,488.0,2.0,2.0,,2.0,4.0,2.0,0.0,0.0,0.0,0.0,0.0,0.0,0.0,0.0,0.0,,,0.0,,,0.0,12.0,6.0,16.0,8.0,4.0,4.0,2.0,4.0,2.0,,,2.0,,,752.0,0.0,0.0,0.0,2.0,2.0,2.0
IS_Infinite_Stratos_-_Straight_Jet,,,,,,,,,,,,,,,,0,0,0,0,0,0,0,0,0,0,1,1,1,1,1,1,1,1,1,1,1,1,1,1,1,0,1,0,0,0,0,0,0,0,0,0,0,0,,,,,,,,50,362,138,252,246,322,616,744,736,976,1290,1202,1216,1762,3538,3162,3202,5744,2698,5156,2148,5788,3014,1122,3082,848,2116,360,570,206,92,68,48,52,118,74,552,150,,,,,,,,,0.0,,,,,,,,,42.0,,,,,,,,,0.0,0.0,0.0,0.0,0.0,0.0,0.0,,,,,,,,,8.0,8.0,4.0,12.0,40.0,358.0,424.0,0.0,0.0,0.0,12.0,14.0,28.0
IS_Infinite_Stratos_-_Super_Stream,,,,,,,,,0,0,,0,0,0,0,0,0,0,0,0,0,0,0,0,0,1,0,0,1,1,1,1,1,1,1,1,1,1,1,0,1,0,0,0,0,0,0,0,0,0,0,0,0,4,6,,4,2,4,6,12,316,74,180,110,176,436,448,590,384,976,892,514,1508,1812,2826,1316,2856,5422,3312,5644,1686,6000,2578,534,1410,350,324,206,164,278,104,116,88,210,66,38,322,,0.0,0.0,0.0,,,,0.0,0.0,,10.0,452.0,4.0,,,,2.0,84.0,,,,0.0,0.0,0.0,0.0,0.0,0.0,0.0,0.0,0.0,0.0,0.0,0.0,,,,2.0,4.0,6.0,6.0,6.0,28.0,30.0,70.0,36.0,188.0,310.0,226.0,0.0,0.0,0.0,44.0,154.0,356.0
Kami_Nomi_zo_Shiru_Sekai_-_Koi_no_Shirushi_Ayumi_Version,,,,,,,,,0,0,0,0,0,0,0,0,0,0,0,0,0,0,1,0,1,0,1,0,1,1,1,1,1,1,1,1,1,1,1,0,1,1,0,0,0,0,0,0,0,0,0,0,0,2,8,2,4,6,4,4,4,114,172,246,380,192,400,1320,896,1150,666,1312,646,2082,5776,2270,3268,1824,7136,4708,1178,6276,1318,2966,560,2300,1308,108,52,42,606,80,20,56,18,10,18,180,,,,,,,0.0,0.0,0.0,,,,,,,334.0,6.0,908.0,,,,,,,,0.0,0.0,0.0,,0.0,0.0,,0.0,,,,,,,,6.0,10.0,20.0,,2.0,2.0,,858.0,0.0,0.0,0.0,6.0,2.0,2.0
Kyoukai_Senjou_no_Horizon_-_Pieces,,,,,,,,,0,,0,,0,0,0,0,0,0,0,0,1,0,0,0,1,1,1,1,1,1,1,1,1,1,1,0,1,1,0,1,1,0,0,1,1,0,0,0,0,0,0,0,0,2,,2,,2,32,18,78,504,320,310,596,1308,712,818,736,990,1404,1406,1430,1136,1018,898,2496,4496,1174,3714,796,4370,1212,590,3004,1516,792,366,1164,1264,208,78,116,744,248,330,248,74,,0.0,0.0,0.0,,0.0,0.0,0.0,0.0,,20.0,110.0,2.0,,2.0,2.0,2.0,62.0,,,,0.0,,0.0,,,0.0,0.0,0.0,0.0,0.0,0.0,0.0,,,,2.0,,2.0,,,28.0,590.0,12.0,2.0,8.0,2.0,34.0,0.0,0.0,0.0,30.0,48.0,4.0
Kyoukai_Senjou_no_Horizon_-_Stardust_Melodia,,,,,,,,,,0,,0,0,0,0,0,0,0,0,1,0,0,1,1,0,0,1,0,0,1,1,1,1,1,1,1,1,0,1,1,1,1,0,0,0,0,0,0,0,0,0,0,1,,6,,6,98,16,256,394,116,512,784,1792,712,978,1934,1186,596,580,1174,570,924,1376,1462,2424,1452,5442,4490,3452,4828,1064,3428,1350,2948,2068,348,618,300,494,156,180,578,162,466,94,1798,,0.0,0.0,0.0,0.0,0.0,0.0,0.0,0.0,,18.0,146.0,4.0,6.0,4.0,6.0,6.0,120.0,,,,0.0,0.0,0.0,0.0,0.0,0.0,0.0,0.0,,0.0,0.0,0.0,,,,2.0,2.0,2.0,2.0,2.0,10.0,140.0,48.0,,2.0,2.0,1062.0,0.0,,,6.0,,
Kyoukai_Senjou_no_Horizon_-_Terminated,,,,,,,,,,0,0,0,0,0,0,0,0,0,1,1,0,1,0,0,0,1,1,0,1,1,1,1,1,1,1,1,1,1,1,0,1,0,0,0,0,0,0,0,0,0,0,0,1,,50,2,4,4,22,70,144,516,1012,1792,1246,788,1758,986,760,748,1724,1578,1036,3222,1814,2214,1682,3534,5074,1698,3278,2218,1532,2100,604,3840,534,154,96,244,886,140,208,228,246,314,78,1252,,,0.0,,,,0.0,0.0,0.0,,,208.0,,,,2.0,2.0,74.0,,,,0.0,0.0,0.0,,,0.0,0.0,,0.0,0.0,,0.0,,,,2.0,2.0,2.0,,,8.0,64.0,,2.0,2.0,,272.0,0.0,,0.0,2.0,,2.0
Lucky_Star_-_Motteke_Sailor_Fuku,,,,,,,,,0,0,0,0,0,0,0,0,0,0,0,0,0,0,0,0,0,0,0,0,1,1,1,1,1,1,1,1,1,1,1,1,1,1,1,1,1,1,0,0,0,0,0,0,0,4,106,4,4,6,20,120,196,134,134,240,228,130,272,206,244,120,250,770,758,2190,1312,1332,1478,2270,7494,2734,3872,2256,6008,3052,1644,2148,1598,1312,1644,1230,1428,756,436,212,142,112,40,134,,0.0,0.0,,0.0,0.0,0.0,0.0,0.0,,16.0,464.0,,2.0,2.0,2.0,2.0,34.0,,,,0.0,,,,,0.0,0.0,0.0,0.0,0.0,0.0,,,,,2.0,,,,,20.0,132.0,10.0,12.0,48.0,14.0,,0.0,0.0,0.0,92.0,22.0,18.0
Magical_Girl_Lyrical_Nanoha_The_Movie_-_Dont_Be_Long,,,,,,,,,0,0,0,0,0,0,0,0,0,0,0,0,0,1,0,0,0,1,1,1,1,1,1,1,1,1,1,1,1,1,1,0,1,1,0,0,0,0,0,0,0,0,0,0,0,14,108,6,2,12,8,24,62,268,414,634,842,836,1882,1108,1052,752,1176,1878,1668,2456,2026,2602,2798,2900,5014,3446,5162,4210,1862,2114,900,2840,1328,274,536,254,244,114,222,156,72,112,24,162,,0.0,0.0,0.0,0.0,0.0,0.0,0.0,0.0,,72.0,774.0,2.0,2.0,2.0,2.0,8.0,62.0,,,,,,,,,0.0,0.0,0.0,0.0,0.0,0.0,0.0,,,,,,,,,72.0,116.0,70.0,8.0,14.0,24.0,64.0,0.0,0.0,0.0,16.0,18.0,50.0
Magipoka_-_Shichaimashou_Suggestive_Pakira_Version,,,,,,,,,0,0,0,0,0,0,0,0,0,0,0,0,0,0,0,0,0,1,1,1,1,1,1,1,1,1,1,0,1,1,1,1,1,1,0,0,0,0,0,0,0,0,0,0,0,38,52,32,2,38,72,24,80,78,666,386,94,172,120,604,350,832,2042,1666,1636,2218,5094,3402,1504,2446,1674,2358,894,2582,2744,1096,2280,1708,2892,238,346,154,70,112,28,124,126,30,86,230,0.0,0.0,0.0,0.0,0.0,0.0,0.0,0.0,0.0,26.0,134.0,642.0,16.0,12.0,6.0,10.0,16.0,240.0,0.0,0.0,0.0,0.0,0.0,0.0,0.0,0.0,,,,,,,,58.0,36.0,60.0,26.0,2.0,8.0,4.0,6.0,,,,,,,,,,,,,
Mahou_Shoujo_Lyrical_Nanoha_-_Innocent_Starter,,,,,,,,,0,0,0,0,0,0,0,0,0,0,0,0,0,0,0,1,0,1,1,1,1,1,1,1,1,1,1,1,1,1,0,1,0,0,0,0,0,0,0,0,0,0,0,0,0,4,2,6,2,8,256,32,22,136,132,314,274,458,398,996,2206,818,2068,2526,3942,5732,3350,2918,1944,3066,2354,4220,7030,2036,3426,796,1614,710,254,450,126,104,42,28,130,60,16,20,2,28,,0.0,0.0,0.0,0.0,0.0,0.0,0.0,,,66.0,862.0,2.0,4.0,2.0,2.0,4.0,,,,,0.0,0.0,0.0,0.0,0.0,,,,,,,,,,,4.0,2.0,6.0,4.0,4.0,,,,,,,,,,,,,
Mahou_Shoujo_Lyrical_Nanoha_As_-_Snow_Rain,,,,,,,,,0,0,0,0,0,0,0,0,0,0,0,0,0,0,0,0,1,1,0,0,1,1,1,1,1,1,1,1,1,1,1,0,1,0,0,0,0,0,0,0,0,0,0,0,0,2,4,2,62,4,12,28,36,16,96,506,174,324,342,850,972,1324,2378,700,706,1644,2436,6618,2660,4854,6950,1360,6590,4110,2904,3002,368,1990,318,64,168,26,12,12,10,178,14,8,8,86,,,,,,,,0.0,0.0,,,,,,,,2.0,36.0,,,,,,,,0.0,0.0,0.0,0.0,0.0,0.0,0.0,0.0,,,,,,,,184.0,12.0,62.0,6.0,2.0,8.0,4.0,210.0,0.0,0.0,,6.0,14.0,
Mahou_Shoujo_Lyrical_Nanoha_As_-_Spiritual_Garden,,,,,,,,,0,0,0,0,0,0,0,0,0,0,0,0,0,0,0,0,0,1,1,0,1,1,1,1,1,1,1,1,1,1,1,0,0,0,0,0,0,0,0,0,0,0,0,0,0,2,2,2,2,2,2,10,126,36,186,28,24,44,120,364,136,314,926,1324,634,1514,2026,1560,2486,2034,7212,7306,1746,4016,1416,3750,504,422,514,62,92,52,172,46,26,28,24,26,22,86,0.0,0.0,0.0,0.0,0.0,0.0,0.0,0.0,0.0,22.0,42.0,6.0,4.0,2.0,2.0,2.0,2.0,46.0,0.0,0.0,0.0,0.0,,0.0,0.0,0.0,0.0,0.0,0.0,0.0,0.0,,0.0,24.0,14.0,32.0,4.0,,2.0,2.0,4.0,4.0,4.0,78.0,54.0,22.0,,36.0,0.0,0.0,0.0,54.0,4.0,4.0
Mahou_Shoujo_Lyrical_Nanoha_StrikerS_-_Beautiful_Amulet,,,,,,,,,,,0,0,,0,0,0,0,0,0,0,0,0,1,1,1,1,1,1,1,1,1,1,1,1,1,1,1,1,1,0,0,1,0,0,0,0,0,0,0,0,1,0,0,,,2,2,,8,10,30,390,424,472,1064,492,532,1198,1148,1584,2140,2330,1246,1882,2042,2130,2106,2562,5046,5128,1770,4618,2552,5358,1080,864,1792,136,212,92,64,36,32,180,152,1098,16,52,,,0.0,0.0,,,0.0,0.0,0.0,,,78.0,2.0,,,2.0,2.0,70.0,,,,,,0.0,0.0,,0.0,0.0,0.0,0.0,0.0,0.0,0.0,,,,,,2.0,2.0,,10.0,6.0,8.0,2.0,6.0,48.0,38.0,0.0,0.0,0.0,8.0,8.0,8.0
Mahou_Shoujo_Lyrical_Nanoha_The_Movie_2nd_As_-_Bright_Stream,,,,,,,,,0,0,,0,,0,0,0,0,0,0,0,0,0,0,1,1,1,1,1,1,1,1,1,1,1,1,1,1,1,1,1,1,0,0,0,0,0,0,0,0,0,0,0,0,2,2,,2,,2,34,74,462,488,366,422,320,540,896,1146,1164,1112,2028,1490,4004,2558,1458,2394,2078,3928,2862,3694,3154,1470,3086,1316,3522,732,400,498,402,556,80,202,198,38,62,58,136,,0.0,0.0,0.0,0.0,0.0,0.0,0.0,,,14.0,742.0,4.0,2.0,6.0,2.0,2.0,,,,0.0,0.0,0.0,0.0,,,,,,,,,,,,12.0,2.0,4.0,4.0,,,,,,,,,,,,,,,
Mahou_Shoujo_Lyrical_Nanoha_The_Movie_2nd_As_-_Hohoemi_no_Plumage,,,,,,,,,0,0,0,,0,0,0,0,0,0,0,0,0,0,1,1,1,1,1,1,1,1,1,1,1,1,1,1,1,1,1,1,0,0,0,0,0,0,0,0,0,,0,0,0,6,6,6,,16,28,30,182,358,526,622,688,600,842,3532,2242,1708,1588,2002,1822,2354,2460,2588,1996,3186,4176,6554,3780,3528,2150,3306,1696,280,876,92,74,24,68,554,42,10,,6,6,44,,0.0,0.0,0.0,0.0,0.0,0.0,0.0,0.0,,2.0,326.0,4.0,6.0,6.0,4.0,4.0,8.0,,,,0.0,0.0,0.0,0.0,0.0,0.0,0.0,0.0,0.0,0.0,0.0,0.0,,,,2.0,4.0,2.0,6.0,2.0,4.0,2.0,2.0,628.0,6.0,2.0,340.0,0.0,0.0,0.0,6.0,4.0,6.0
Mahou_Shoujo_Lyrical_Nanoha_The_Movie_2nd_As_-_Sacred_Force,,,,,,,,,,,,,,0,0,0,0,0,0,0,0,0,1,0,0,1,1,1,0,1,1,1,1,1,1,1,1,1,1,1,1,1,1,0,0,0,0,0,0,0,0,0,0,,,,,,24,56,304,172,264,258,158,226,240,796,708,450,850,936,968,624,1028,1086,894,2958,2344,4990,1748,1416,2264,2068,3834,1172,1764,786,342,384,406,512,108,54,28,32,18,108,,,,,,,,,0.0,,,,,,,,,24.0,,,,,,,,,0.0,0.0,,,,,,,,,,,,,,2.0,4.0,,,,,,0.0,,,6.0,,
Mahou_Shoujo_Madoka_Magica_-_Connect,,,,,,,,,,0,,0,0,0,0,0,0,1,0,1,0,0,1,0,0,0,1,0,1,1,1,1,1,1,1,1,1,1,1,0,0,0,0,0,0,0,0,,0,0,0,0,,,118,,6,2,10,48,236,320,1138,1038,1692,494,986,2912,1076,658,1048,2780,496,1418,2330,2930,4212,1630,4342,3982,3636,5442,1784,5008,678,330,718,22,14,16,2,10,,36,4,88,2,,,,0.0,0.0,0.0,0.0,0.0,0.0,0.0,,,376.0,4.0,2.0,2.0,4.0,4.0,2.0,,,,,0.0,0.0,0.0,0.0,,0.0,,0.0,,,0.0,,,,,2.0,4.0,2.0,2.0,,2.0,,2.0,,,246.0,0.0,0.0,0.0,2.0,2.0,2.0
Mahou_Shoujo_Madoka_Magica_-_Magia,,,,,,,,,,0,0,,,0,0,0,0,0,1,0,0,0,0,0,0,1,0,0,1,1,1,1,1,1,1,1,1,1,1,0,0,0,0,0,0,0,0,0,0,0,0,0,0,,2,2,,,10,80,186,626,1026,2458,726,288,286,404,688,408,2098,1190,646,3156,1734,3388,1922,2834,6634,2986,7512,3032,9356,2828,622,992,548,492,258,186,374,86,216,150,390,202,38,52,,0.0,0.0,,0.0,0.0,0.0,0.0,0.0,,6.0,914.0,,2.0,2.0,2.0,2.0,2.0,,,,0.0,,,,,0.0,0.0,0.0,0.0,0.0,0.0,0.0,,,,2.0,,,,,2.0,4.0,2.0,2.0,8.0,148.0,338.0,0.0,0.0,0.0,4.0,10.0,18.0
Maria_Holic_Alive_-_Dou_ni_mo_Tomaranai,,,,,,,,,,0,,0,,0,0,0,0,0,0,0,0,1,1,1,1,1,1,1,1,1,1,1,1,1,1,1,1,1,1,0,0,0,0,0,0,0,0,0,0,0,0,0,0,,2,,2,,18,76,30,182,114,352,312,500,886,858,836,1068,1772,1530,1210,2414,3516,3416,1662,2792,2818,2318,1980,1670,2678,1104,294,178,128,116,242,176,48,24,104,28,22,26,20,22,,0.0,1.0,0.0,,0.0,0.0,0.0,0.0,,70.0,832.0,2.0,,2.0,2.0,2.0,26.0,,,0.0,,0.0,,,,0.0,0.0,0.0,0.0,,,,,,6.0,,2.0,,,,110.0,26.0,28.0,10.0,,,,,,,,,
Nekomonogatari_-_Perfect_Slumbers,,,,,,,,,0,0,0,0,,0,0,0,0,0,0,0,0,0,1,1,0,1,0,0,1,1,1,1,1,1,1,1,1,1,0,1,0,0,0,0,0,0,0,0,0,0,0,0,0,4,6,2,6,,6,8,428,632,502,1060,398,764,464,1702,2152,678,1244,624,1058,1288,1138,3308,2168,11994,1440,6770,3112,4206,2882,382,1270,158,46,40,84,102,66,100,74,16,46,48,26,52,0.0,0.0,0.0,0.0,0.0,0.0,0.0,0.0,0.0,4.0,40.0,218.0,12.0,4.0,4.0,2.0,2.0,24.0,0.0,0.0,0.0,0.0,0.0,0.0,0.0,0.0,0.0,0.0,,0.0,0.0,0.0,0.0,18.0,2.0,4.0,22.0,2.0,4.0,4.0,4.0,4.0,2.0,,2.0,2.0,2.0,896.0,0.0,,0.0,10.0,,2.0
Nisemonogatari_-_Futakotome,,,,,,,,,0,0,,0,0,0,0,0,0,0,0,0,0,0,0,0,0,1,1,1,1,1,1,1,1,1,1,0,1,1,0,1,0,0,0,0,0,0,0,0,0,0,0,0,0,4,6,,28,10,24,30,200,22,24,26,90,174,174,432,298,528,1302,2246,5434,1504,1926,1356,5316,13484,1510,6362,486,2958,1490,534,2646,128,268,86,108,104,124,68,36,196,78,8,10,10,0.0,0.0,0.0,0.0,0.0,0.0,0.0,0.0,0.0,4.0,62.0,626.0,8.0,4.0,6.0,8.0,6.0,44.0,0.0,,0.0,0.0,0.0,0.0,0.0,0.0,0.0,0.0,0.0,0.0,0.0,0.0,0.0,24.0,,12.0,16.0,4.0,2.0,2.0,2.0,18.0,2.0,4.0,4.0,4.0,38.0,368.0,0.0,0.0,0.0,6.0,48.0,12.0
Nisemonogatari_-_Marshmallow_Justice,,,,,,,,,,0,0,0,0,0,0,0,0,0,0,0,1,0,0,1,1,1,1,1,1,1,1,1,1,1,1,0,1,1,0,0,0,0,0,0,0,0,0,0,0,0,0,0,0,,2,2,2,16,76,50,46,76,422,906,440,1100,952,946,1654,3168,7132,2984,1926,1890,3418,4328,2068,5034,1156,2306,248,1574,3334,368,142,80,128,60,156,94,88,134,54,364,286,48,42,320,,0.0,0.0,,0.0,,,0.0,0.0,,72.0,616.0,,2.0,,,2.0,110.0,0.0,0.0,0.0,0.0,,0.0,0.0,0.0,0.0,0.0,,,,,,4.0,2.0,2.0,2.0,,2.0,2.0,2.0,30.0,624.0,,,,,,,,,,,
Nisemonogatari_-_Platinum_Disco,,,,,,,,,,0,0,,0,,0,0,0,0,0,0,0,0,0,0,0,0,0,1,1,1,1,1,1,1,1,1,1,1,1,0,0,0,0,0,0,0,0,0,0,0,0,0,0,,2,2,,2,,10,68,58,174,328,270,424,276,556,572,582,578,864,1034,1140,2868,1890,4310,7864,2464,8160,1430,4620,1162,2004,800,288,598,250,292,722,882,418,254,316,114,358,456,304,,0.0,0.0,0.0,0.0,0.0,0.0,0.0,0.0,,6.0,802.0,2.0,2.0,2.0,2.0,2.0,76.0,,,,,,,,,0.0,0.0,0.0,0.0,0.0,,,,,,,,,,,22.0,42.0,216.0,4.0,4.0,,,0.0,0.0,,168.0,8.0,
Ore_no_Imouto_ga_Konna_ni_Kawaii_Wake_ga_Nai_-_Keep_on_Runnin,,,,,,,,,0,0,0,0,0,0,0,0,0,0,0,0,0,0,0,0,0,0,1,0,1,1,1,1,1,1,1,1,1,0,1,0,1,0,0,0,0,0,0,0,0,0,0,0,0,46,4,6,2,8,4,26,60,200,92,166,170,148,574,202,384,348,756,1084,444,1066,1434,3754,9684,2544,5512,2054,6882,2836,586,4374,460,988,172,132,170,80,54,28,120,18,36,166,16,66,,,,,,,,0.0,0.0,,,,,,,,318.0,4.0,,,,,,,,,,0.0,0.0,0.0,,,0.0,,,,,,,,,,2.0,2.0,2.0,,,582.0,,0.0,0.0,,2.0,2.0
Ore_no_Imouto_ga_Konna_ni_Kawaii_Wake_ga_Nai_-_Shiroi_Kokoro,,,,,,,,,0,0,0,0,0,0,0,0,0,0,1,0,1,0,0,0,0,0,0,0,0,0,1,1,1,1,1,1,1,1,1,1,1,0,0,0,0,0,0,0,0,0,0,0,0,2,184,8,14,8,4,8,130,1140,940,1644,974,2764,1034,506,594,398,650,554,1334,996,1194,1710,3968,9500,7162,7322,5054,5718,2976,2818,9752,1998,604,1488,122,270,20,58,32,10,16,2,12,44,0.0,0.0,0.0,0.0,0.0,0.0,0.0,0.0,0.0,10.0,158.0,688.0,6.0,6.0,4.0,6.0,6.0,38.0,0.0,0.0,0.0,0.0,0.0,0.0,0.0,,0.0,0.0,0.0,0.0,0.0,0.0,0.0,14.0,6.0,40.0,32.0,2.0,2.0,2.0,,10.0,64.0,20.0,122.0,116.0,248.0,1182.0,0.0,0.0,0.0,2.0,12.0,4.0
Ore_no_Imouto_ga_Konna_ni_Kawaii_Wake_ga_Nai_-_Suki_Nandamon,,,,,,,,,0,0,0,0,0,0,0,0,0,0,0,0,1,0,0,0,0,1,0,0,0,0,1,1,1,1,1,1,1,1,1,1,0,0,0,0,1,0,0,0,0,0,0,0,0,8,6,8,20,8,18,14,62,260,188,676,630,974,402,430,442,626,1558,650,736,616,850,1268,1904,4398,1440,2680,1544,5030,4410,1472,5180,592,884,644,698,1648,246,234,204,328,258,236,128,80,0.0,0.0,0.0,,0.0,0.0,0.0,0.0,0.0,2.0,4.0,66.0,,2.0,2.0,2.0,8.0,44.0,0.0,0.0,,0.0,,,,0.0,0.0,0.0,,,,,,42.0,2.0,,2.0,,,,4.0,6.0,78.0,,,,,,0.0,,,6.0,,
Ore_no_Imouto_ga_Konna_ni_Kawaii_Wake_ga_Nai_-_Tadaima,,,,,,,,,0,0,0,0,0,0,0,0,0,0,0,0,0,0,1,0,0,0,1,0,1,1,1,1,1,1,1,1,1,1,1,0,1,0,0,0,0,0,0,0,0,0,0,0,0,2,6,196,8,84,12,190,42,26,32,52,40,76,594,1584,400,898,276,1760,602,3490,6342,2702,4518,1754,4028,2634,5240,7722,1484,3708,748,1350,192,22,56,4,8,4,10,40,8,30,6,30,0.0,0.0,0.0,0.0,0.0,0.0,0.0,0.0,0.0,8.0,72.0,552.0,4.0,6.0,8.0,6.0,4.0,32.0,0.0,0.0,0.0,0.0,0.0,,0.0,0.0,,0.0,0.0,,0.0,0.0,0.0,102.0,8.0,8.0,6.0,4.0,,2.0,4.0,,2.0,2.0,,2.0,2.0,754.0,,,0.0,,,4.0
Ore_no_Imouto_ga_Konnani_Kawaii_Wake_ga_Nai_2_-_Reunion,,,,,,,,,0,0,0,0,0,0,0,0,0,0,0,0,0,0,0,0,0,0,1,0,0,0,1,1,1,1,1,1,1,1,1,0,1,0,1,1,0,0,0,0,0,0,0,,,34,22,12,10,16,18,30,24,112,108,304,534,222,542,716,1060,804,944,1488,352,624,858,2564,11240,1956,6046,2142,4536,4300,1252,8394,664,2042,494,1576,1354,26,64,8,2,8,4,80,,,0.0,0.0,0.0,0.0,0.0,0.0,0.0,0.0,,4.0,90.0,922.0,2.0,2.0,2.0,2.0,56.0,,0.0,0.0,0.0,0.0,,,,,,,,,,,,44.0,2.0,6.0,6.0,,,,,,,,,,,,,,,,,
Pandora_Hearts_-_Maze,,,,,,,,,0,0,,0,0,0,0,0,0,0,0,0,0,0,1,1,0,1,0,0,1,1,1,1,1,1,1,1,1,1,1,1,1,1,0,0,0,0,0,0,0,0,0,0,0,4,6,,6,12,54,96,108,414,514,974,690,866,768,1612,1130,612,1372,766,584,1412,1280,2058,1422,2758,2496,5644,3124,4380,4610,1590,2898,1248,2722,576,242,344,416,152,116,290,620,132,872,386,,0.0,0.0,0.0,0.0,0.0,0.0,0.0,0.0,,32.0,138.0,2.0,4.0,4.0,6.0,2.0,202.0,,,0.0,0.0,0.0,0.0,0.0,,0.0,0.0,0.0,0.0,0.0,0.0,1.0,,,8.0,8.0,2.0,2.0,2.0,,48.0,52.0,270.0,116.0,206.0,492.0,1784.0,0.0,0.0,0.0,182.0,260.0,290.0
Please,,,,,,,,,0,0,0,0,0,0,0,0,0,0,0,0,1,0,1,0,1,1,1,1,1,1,1,1,1,0,0,0,0,0,0,0,0,0,0,0,0,0,0,0,0,0,0,0,0,12,9,8,6,2,84,9,21,34,37,116,285,1033,384,794,512,834,4236,1378,2758,1423,3588,3011,1541,4820,270,275,16,18,13,19,8,15,14,56,8,7,8,24,7,5,53,33,34,25,0.0,0.0,0.0,0.0,0.0,0.0,0.0,0.0,0.0,1.0,44.0,107.0,4.0,24.0,2.0,2.0,19.0,5.0,0.0,0.0,0.0,0.0,0.0,0.0,0.0,0.0,0.0,0.0,0.0,0.0,0.0,0.0,0.0,13.0,4.0,5.0,14.0,5.0,1.0,1.0,2.0,2.0,5.0,6.0,3.0,9.0,10.0,304.0,0.0,0.0,0.0,3.0,16.0,12.0
Princess_Lover_-_Princess_Primp,,,,,,,,,0,0,0,0,0,0,0,0,0,0,0,0,0,1,0,1,0,0,0,0,1,1,1,1,1,1,1,1,1,1,1,1,1,0,0,0,0,0,0,0,0,0,0,0,0,50,42,12,20,8,8,10,18,190,182,364,402,354,1376,578,1794,688,726,566,450,1210,1338,1804,1550,2196,1942,5378,9120,2198,3468,1476,4970,2250,180,66,124,60,46,60,470,24,8,16,86,170,,,0.0,0.0,0.0,0.0,0.0,0.0,0.0,,,768.0,2.0,2.0,4.0,4.0,136.0,28.0,,,,0.0,0.0,0.0,,0.0,,,,,,,,,,,2.0,2.0,4.0,,2.0,,,,,,,,,,,,,
Puella_Magi_Madoka_Magica_-_And_Im_Home,,,,,,,,,0,0,0,0,0,0,0,0,0,0,0,0,0,0,0,1,0,1,1,1,1,1,1,1,1,1,1,1,0,0,1,0,1,0,0,0,0,0,0,0,0,0,0,0,0,8,24,2,38,2,8,4,36,4,24,36,64,106,66,506,922,388,1288,1652,1320,2040,2164,4150,3708,2330,2678,3884,2204,612,534,1104,168,796,50,60,8,2,34,2,4,4,6,2,4,12,,0.0,0.0,0.0,0.0,0.0,0.0,0.0,0.0,,54.0,322.0,6.0,4.0,6.0,6.0,6.0,2.0,,,,0.0,0.0,0.0,,0.0,,,0.0,,0.0,0.0,0.0,,,,4.0,2.0,8.0,,2.0,,,2.0,,2.0,2.0,550.0,0.0,,,2.0,,
Rebuild_of_Evangelion_10_-_Beautiful_World,,,,,,,,,,,,,,,,,,,0,0,0,0,0,0,0,0,0,0,1,1,1,1,1,1,1,1,1,1,1,1,1,0,0,0,0,1,0,0,0,0,0,,0,,,,,,,,,,,10,18,8,36,26,122,210,766,426,932,3356,1548,7916,2724,9574,7642,2148,5042,1794,6748,1902,1412,4118,408,578,314,1064,1648,10,10,8,120,6,,2,,,,,,,,,0.0,,,,,,,,,2.0,,,,,,,,,,0.0,0.0,,0.0,,0.0,,,,,,,,,,2.0,4.0,,2.0,,422.0,,0.0,0.0,,2.0,2.0
Rick Astley - Never Gonna Give You Up (Official Music Video) (1),,,,,,,,,,,,,,,,0,0,0,0,0,0,0,0,1,1,1,1,1,1,1,1,1,1,1,0,0,1,0,0,0,0,0,0,0,,,,,,,,,,,,,,,,,2,6,72,114,86,120,166,426,1312,5430,1660,4792,1218,3314,6602,1622,6106,1654,3184,824,594,2466,402,66,20,42,82,4,32,,,,,,,,,,,,,,,,,,,,,,,,,,,,,,,,,,,,,,,,,,,,,,,,,,,,,,,,,,,,,,,
RubyTan - วังวน cover _ ( ORIGINAL by ONEONE ),,,,,,,,,0,0,0,0,0,0,0,0,0,0,0,0,0,0,1,0,0,0,0,0,0,1,1,1,1,1,1,1,1,1,1,1,0,0,0,0,0,0,0,0,0,0,0,0,0,18,12,34,34,36,168,258,172,68,202,732,272,166,154,1892,404,814,526,874,966,1092,9794,4776,6104,2076,2598,7414,3346,5434,3802,3186,3940,584,568,98,332,50,242,432,70,304,294,682,238,70,0.0,0.0,0.0,0.0,,0.0,0.0,0.0,0.0,188.0,178.0,400.0,14.0,,6.0,6.0,12.0,110.0,0.0,0.0,0.0,0.0,0.0,0.0,0.0,0.0,0.0,0.0,0.0,0.0,0.0,,0.0,518.0,106.0,170.0,12.0,4.0,66.0,4.0,6.0,20.0,238.0,2.0,2.0,4.0,,34.0,0.0,,0.0,2.0,,4.0
Seikon_no_Qwaser_-_Mimei_no_Inori,,,,,,,,,,0,0,0,0,0,0,0,0,0,0,0,0,0,0,0,0,1,1,1,1,1,1,1,1,1,1,1,0,1,0,1,0,0,0,0,0,0,0,0,0,0,0,0,0,,12,2,4,4,2,28,12,108,72,274,238,266,862,386,852,982,2654,2610,1198,3446,2274,7200,4552,2510,4592,2922,6564,580,2560,752,1950,364,22,56,14,56,122,16,6,8,258,108,4,18,0.0,0.0,0.0,0.0,0.0,0.0,0.0,0.0,0.0,2.0,20.0,214.0,2.0,4.0,2.0,4.0,6.0,2.0,0.0,,,0.0,0.0,0.0,0.0,0.0,0.0,,0.0,0.0,0.0,0.0,0.0,6.0,,,4.0,2.0,4.0,2.0,2.0,2.0,,2.0,2.0,2.0,2.0,408.0,,,,,,
Sekirei_-_Sekirei,,,,,,,,,0,0,0,0,0,0,0,0,0,0,0,0,0,1,0,1,0,1,1,0,1,1,1,1,1,1,1,1,1,1,1,0,1,0,0,0,0,0,0,0,0,0,0,0,0,46,58,2,2,2,2,4,52,642,162,256,236,258,1448,820,1284,866,1088,1778,1016,4160,1212,1122,1688,3808,9338,2808,6430,3248,3444,2756,236,1736,348,190,72,4,12,2,16,4,10,32,4,56,,0.0,0.0,0.0,0.0,0.0,0.0,0.0,0.0,,2.0,92.0,4.0,4.0,4.0,4.0,2.0,64.0,,,,,,,,,,0.0,,0.0,0.0,,0.0,,,,,,,,,,2.0,,2.0,2.0,,642.0,,,0.0,,,2.0
Shakugan_no_Shana_-_Shana,,,,,,,,,0,0,0,0,0,1,0,0,0,1,1,1,1,1,1,0,1,1,1,1,1,1,1,1,1,1,0,0,0,1,1,0,0,0,0,0,0,0,,0,0,0,0,0,0,20,28,586,92,88,1970,652,464,318,900,1474,1200,1958,822,1046,764,1180,1636,2330,1094,1022,1736,2560,1408,4358,1236,422,474,618,978,1324,576,358,28,38,32,6,98,,6,2,4,4,132,4,0.0,0.0,0.0,0.0,0.0,0.0,0.0,0.0,0.0,18.0,222.0,552.0,18.0,242.0,20.0,26.0,34.0,6.0,0.0,0.0,0.0,0.0,0.0,0.0,0.0,0.0,0.0,0.0,0.0,0.0,0.0,0.0,1.0,54.0,14.0,36.0,110.0,36.0,36.0,16.0,16.0,2.0,2.0,4.0,2.0,4.0,4.0,836.0,0.0,0.0,0.0,4.0,2.0,2.0
Shakugan_no_Shana_III_Final_-_Koubou,,,,,,,,,,0,,0,,0,,0,0,0,0,0,0,0,0,0,0,0,0,1,1,1,1,1,1,0,1,1,1,1,1,1,1,0,0,0,0,0,0,0,0,0,0,0,0,,64,,2,,2,,46,244,22,10,16,54,70,80,398,460,808,994,2024,2786,2382,9006,4324,2492,1154,3094,7770,9132,4850,3314,2802,3236,454,502,516,320,310,318,498,164,64,40,42,210,,,,,,,,,0.0,,,,,,,,,4.0,,,,,,,,,,0.0,,,,,,,,,,,,,,,78.0,,,,,,,,,,,
Shakugan_no_Shana_III_Final_-_Serment,,,,,,,,,0,0,,0,,0,0,0,0,0,1,0,0,0,0,0,0,1,1,0,1,0,1,1,1,1,1,1,0,1,1,0,1,0,0,0,1,0,0,0,0,0,0,0,0,2,2,,2,,8,122,124,262,550,1736,558,356,616,838,870,442,1500,1678,428,1170,944,3894,1066,4708,5358,1280,4082,646,6542,2240,460,1996,256,334,232,1078,802,134,258,230,268,74,14,226,,0.0,0.0,0.0,,,0.0,,0.0,,10.0,976.0,2.0,,,2.0,,52.0,,,,,0.0,0.0,0.0,,0.0,0.0,0.0,0.0,0.0,0.0,0.0,,,,,2.0,2.0,2.0,,14.0,34.0,34.0,8.0,182.0,20.0,368.0,0.0,0.0,0.0,60.0,234.0,18.0
Shakugan_no_Shana_III_Final_-_un,,,,,,,,,,,,,,,,0,0,0,1,0,0,1,0,0,0,0,0,0,0,1,1,1,1,1,1,1,0,1,1,0,0,0,0,0,0,0,0,0,0,0,0,0,0,,,,,,,,4,32,304,1404,534,290,1004,502,384,520,918,794,370,828,1354,3286,1616,7700,10484,1632,4360,734,4668,1424,270,870,324,668,396,476,490,112,90,46,40,44,34,434,,,,,,,,,0.0,,,,,,,,,16.0,,,,,,,,,,0.0,0.0,0.0,0.0,,0.0,,,,,,,,,,2.0,2.0,2.0,2.0,,292.0,,0.0,0.0,,2.0,2.0
Shakugan_no_Shana_II_-_Joint,,,,,,,,,,0,0,0,0,0,0,0,0,0,1,0,1,0,0,0,0,1,0,0,1,0,1,1,1,1,1,1,1,1,1,1,1,0,1,0,1,0,0,0,0,0,0,0,0,,2,2,8,32,104,130,86,202,508,1198,774,1176,724,726,794,394,986,762,640,1032,842,2626,984,1774,1440,4212,6298,1114,2826,1056,3716,1568,882,2230,674,1330,590,300,820,122,252,142,138,394,,0.0,0.0,0.0,0.0,0.0,,0.0,0.0,,4.0,596.0,12.0,4.0,2.0,,4.0,108.0,,,,0.0,,,0.0,0.0,0.0,0.0,0.0,0.0,0.0,0.0,0.0,,,,2.0,,,2.0,4.0,514.0,24.0,18.0,10.0,24.0,52.0,176.0,0.0,0.0,0.0,36.0,18.0,108.0
Shakugan_no_Shana_II_-_Sociometry,,,,,,,,,0,0,0,0,0,0,0,0,0,0,1,0,0,0,1,0,0,0,0,0,0,1,1,1,1,1,1,1,1,1,1,0,0,0,0,0,0,0,0,0,0,0,0,0,0,32,32,54,14,6,20,42,82,172,758,1252,1098,922,892,1320,748,676,976,620,452,1000,2020,1694,2168,3430,4290,4818,4564,10320,6222,2402,626,1102,566,228,82,26,30,14,16,14,2,12,36,388,,0.0,0.0,0.0,0.0,0.0,0.0,0.0,0.0,,14.0,54.0,2.0,2.0,4.0,4.0,14.0,38.0,,,,0.0,0.0,,,0.0,0.0,,,0.0,0.0,,1.0,,,,2.0,2.0,,,4.0,2.0,,,2.0,2.0,,1202.0,0.0,,0.0,2.0,,2.0
Shakugan_no_Shana_II_-_Triangle,,,,,,,,,0,0,0,0,0,0,0,0,0,0,0,0,0,0,0,1,0,1,1,1,1,1,1,1,1,1,1,1,0,1,0,0,0,0,1,0,0,0,0,0,0,0,0,0,0,4,10,2,2,4,44,560,86,196,230,292,396,458,576,1078,1534,882,3886,3454,1530,5648,2984,3848,2168,6820,8258,1292,2164,590,1594,1060,336,290,450,1832,404,562,440,64,108,68,164,266,114,284,,,0.0,0.0,0.0,0.0,0.0,0.0,0.0,,,94.0,4.0,6.0,4.0,4.0,4.0,66.0,,,,0.0,,,0.0,0.0,0.0,0.0,0.0,0.0,0.0,0.0,0.0,,,,2.0,,,2.0,2.0,334.0,28.0,34.0,20.0,212.0,120.0,152.0,0.0,0.0,0.0,22.0,30.0,20.0
Shakugan_no_Shana_Movie_-_Akai_Namida,,,,,,,,,0,0,0,0,,0,0,0,0,0,1,0,0,0,0,1,0,1,1,0,1,1,1,1,1,1,1,1,1,1,1,0,1,0,0,0,0,0,0,0,0,0,0,0,0,10,40,2,14,,16,28,26,338,350,1338,236,212,366,402,1042,514,1488,1180,782,3332,2108,3662,2022,4510,8252,2568,4634,1046,4212,1752,556,1378,326,230,222,324,218,92,280,134,248,10,6,66,0.0,0.0,0.0,0.0,0.0,0.0,0.0,0.0,0.0,42.0,190.0,430.0,88.0,10.0,2.0,2.0,2.0,2.0,0.0,0.0,0.0,0.0,0.0,0.0,0.0,0.0,,0.0,,0.0,0.0,0.0,0.0,28.0,10.0,12.0,32.0,14.0,10.0,2.0,2.0,,2.0,,2.0,2.0,2.0,448.0,,,,,,
Shakugan_no_Shana_S_-_All_In_Good_Time,,,,,,,,,0,0,0,0,0,0,0,0,0,0,1,0,0,0,0,0,0,1,0,0,1,1,1,1,1,1,1,1,0,1,0,0,0,0,1,0,0,0,0,0,0,0,0,0,0,2,4,2,2,10,80,30,78,82,556,3062,712,384,288,652,744,570,2582,1158,1202,1686,6562,8744,3084,5208,2188,6382,2508,876,4816,516,418,206,750,3464,244,518,96,30,2,4,6,10,2,2,,0.0,0.0,0.0,0.0,0.0,0.0,0.0,0.0,,14.0,462.0,6.0,2.0,4.0,2.0,4.0,22.0,,,,0.0,0.0,0.0,0.0,0.0,0.0,,,0.0,,,0.0,,,,4.0,2.0,2.0,2.0,4.0,2.0,,,2.0,,,244.0,0.0,0.0,0.0,2.0,2.0,2.0
Shugo_Chara_Party_-_Akane-iro_no_Sora,,,,,,,,,0,0,0,0,0,0,0,0,0,0,1,1,0,0,0,0,0,1,1,1,1,1,1,1,1,1,1,1,1,1,0,0,0,0,0,0,0,0,0,0,0,0,0,0,0,10,2,2,4,2,456,42,20,40,132,2460,1198,236,294,580,584,724,2214,1648,1098,1802,3820,5266,3878,4200,3062,3382,2186,1124,3130,922,556,308,378,118,236,86,188,8,64,66,196,8,8,96,,,,,,,,0.0,0.0,,,,,,,,142.0,22.0,,,,,,,,0.0,,0.0,0.0,0.0,0.0,0.0,0.0,,,,,,,,4.0,,2.0,4.0,4.0,2.0,6.0,856.0,0.0,0.0,0.0,6.0,4.0,34.0
Sora_no_Otoshimono_-_Akai_Hana_Shiroi_Hana,,,,,,,,,0,0,0,0,0,0,0,0,0,0,0,0,0,0,0,0,0,1,1,1,0,1,1,0,1,1,1,1,0,1,0,1,0,0,0,0,0,0,0,0,0,0,0,0,0,2,34,2,6,2,6,62,130,74,210,642,600,198,192,152,230,410,3296,996,3682,666,2570,2868,360,3190,782,7138,928,174,2180,160,1414,82,432,116,18,168,12,20,6,14,10,8,18,26,,0.0,0.0,0.0,0.0,0.0,0.0,0.0,0.0,,94.0,384.0,4.0,4.0,6.0,6.0,10.0,100.0,,,,0.0,0.0,0.0,0.0,0.0,0.0,0.0,0.0,0.0,0.0,0.0,1.0,,,,12.0,4.0,10.0,2.0,8.0,222.0,6.0,2.0,4.0,4.0,2.0,1340.0,0.0,0.0,0.0,6.0,6.0,8.0
Sora_no_Otoshimono_-_Bokura_no_Diary,,,,,,,,,0,0,0,0,0,0,1,0,1,0,1,1,0,1,0,1,1,1,1,1,1,1,1,1,1,1,0,1,0,1,0,0,0,0,0,0,0,0,0,0,,0,0,0,0,30,20,32,162,154,288,916,554,1364,298,952,1710,462,1786,602,2254,818,1038,1500,1078,3978,842,2890,5684,1470,2760,532,1312,220,1042,74,80,12,52,6,32,18,28,2,20,,6,2,54,10,0.0,0.0,1.0,0.0,0.0,0.0,0.0,0.0,0.0,6.0,106.0,862.0,2.0,4.0,2.0,4.0,4.0,32.0,0.0,0.0,0.0,0.0,,0.0,0.0,,,,,,,,,208.0,16.0,10.0,2.0,,2.0,2.0,,,,,,,,,,,,,,
Sora_no_Otoshimono_-_Furimuku_na_Kimi_wa_Utsukushii,,,,,,,,,0,0,0,0,0,0,0,0,0,0,1,1,0,1,1,1,1,1,1,1,0,0,1,1,1,1,1,0,1,0,1,1,0,0,0,0,0,0,0,0,0,0,0,,0,12,50,2,6,8,44,332,192,50,178,782,1510,560,1468,1184,1342,2636,1344,4608,1440,628,678,1226,2408,840,2436,954,214,1362,422,3336,1694,36,56,82,110,50,44,4,2,4,2,4,,28,,0.0,0.0,0.0,0.0,0.0,0.0,0.0,,,4.0,502.0,4.0,4.0,2.0,4.0,6.0,,,,,,,0.0,,,,,,,,,,,,,,,2.0,,,,,,,,,,,,,,,
Sora_no_Otoshimono_-_Hatsukoi,,,,,,,,,0,0,,,0,0,0,0,0,0,0,0,0,0,0,0,0,1,1,0,1,1,1,1,1,1,1,1,0,1,1,0,0,0,0,0,0,0,0,0,0,0,0,0,,8,18,,,4,82,208,150,306,210,814,308,366,220,246,434,580,1292,992,540,1120,2154,5780,1282,5460,8002,992,2662,868,8432,1438,100,170,42,120,74,60,100,10,56,12,212,66,6,,,0.0,0.0,0.0,,,0.0,,,,2.0,684.0,2.0,,,2.0,,,,,,,0.0,0.0,0.0,,,,,,,,,,,,,2.0,2.0,2.0,,,,,,,,,,,,,,
Sora_no_Otoshimono_-_Ring_My_Bell,,,,,,,,,0,0,0,0,0,0,0,0,0,0,0,0,0,0,0,0,0,1,0,0,1,1,1,1,1,1,1,1,1,1,1,0,1,0,0,0,0,0,0,0,0,0,0,0,0,134,384,4,10,4,12,20,40,82,154,710,738,482,638,458,384,544,1046,1006,602,1612,3680,2302,2558,3592,9020,3422,5674,2992,2972,2096,682,1832,414,150,96,134,436,44,10,12,18,24,8,58,,,0.0,0.0,0.0,0.0,0.0,0.0,0.0,,,266.0,4.0,2.0,4.0,4.0,2.0,52.0,,,,,,0.0,,,0.0,0.0,0.0,0.0,0.0,0.0,0.0,,,,,,2.0,,,38.0,74.0,8.0,6.0,4.0,30.0,278.0,0.0,0.0,0.0,6.0,8.0,22.0
Sora_no_Otoshimono_-_Soba_ni_Irareru_Dake_de,,,,,,,,,,0,0,0,,0,0,0,0,0,0,0,0,1,1,1,0,0,0,0,0,1,1,1,1,1,1,1,1,1,1,1,1,0,0,0,0,0,0,0,0,0,0,0,0,,2,2,2,,16,106,124,388,580,726,728,274,1226,1844,1276,692,720,704,510,770,1532,2784,2728,1696,6612,3112,2112,1496,2080,5446,2790,1208,552,214,300,160,12,106,26,4,4,2,4,74,,0.0,0.0,0.0,0.0,0.0,,0.0,0.0,,4.0,98.0,2.0,2.0,2.0,,2.0,6.0,0.0,0.0,,0.0,0.0,,0.0,0.0,,0.0,,0.0,0.0,0.0,1.0,8.0,2.0,,2.0,2.0,,2.0,2.0,,2.0,,2.0,2.0,2.0,1048.0,0.0,,0.0,2.0,,2.0
Sora_no_Otoshimono_-_Wild_Seven,,,,,,,,,0,0,0,0,0,0,0,1,0,1,1,1,1,1,1,1,1,1,1,1,1,1,1,0,0,0,1,0,0,0,0,0,0,0,0,0,0,0,0,,0,0,0,,0,12,84,20,12,16,58,230,814,496,1400,1056,710,1348,1002,5230,2558,862,1172,1912,3338,1094,3160,1574,312,584,430,920,216,58,38,108,70,30,100,12,4,8,12,4,,2,4,2,,16,,0.0,0.0,0.0,0.0,0.0,0.0,0.0,0.0,,44.0,632.0,8.0,10.0,30.0,14.0,10.0,10.0,0.0,0.0,0.0,0.0,0.0,0.0,0.0,0.0,,,,,,,,86.0,2.0,10.0,12.0,2.0,8.0,20.0,4.0,,,,,,,,,,,,,
Sora_no_Otoshimono_-_Yuke_Yuke_Kawaguchi_Hiroshi,,,,,,,,,0,0,0,0,0,0,0,0,0,1,1,1,1,1,1,1,1,1,1,0,1,1,1,1,1,1,0,0,0,0,0,0,0,0,0,0,0,0,0,0,0,0,0,0,0,6,6,12,8,6,140,130,230,344,1114,2240,1400,2050,1402,1856,2966,2454,7008,2380,602,988,1660,3550,1030,2318,2108,282,202,202,664,218,60,450,164,206,66,538,190,24,164,50,254,12,14,162,0.0,0.0,0.0,0.0,0.0,0.0,0.0,0.0,0.0,2.0,128.0,326.0,4.0,4.0,2.0,4.0,8.0,2.0,0.0,,0.0,0.0,,0.0,0.0,0.0,,0.0,,0.0,,,0.0,4.0,,10.0,8.0,,6.0,2.0,2.0,,2.0,,2.0,,,750.0,0.0,0.0,0.0,2.0,2.0,2.0
Sora_no_Otoshimono_Forte_-_Kaeru_Kara,,,,,,,,,0,0,,0,0,0,0,0,0,0,0,0,1,0,1,1,0,1,1,1,1,1,1,1,1,1,1,1,1,1,0,1,0,0,0,0,0,0,0,0,0,0,0,0,0,14,6,,6,2,4,36,176,88,224,296,310,2320,284,1804,1282,622,1568,1672,2146,1426,2206,1514,3444,9030,2394,9872,1350,5270,2380,538,1200,484,728,124,310,250,94,54,42,52,18,18,116,78,,0.0,0.0,0.0,0.0,0.0,0.0,,0.0,,52.0,330.0,2.0,4.0,2.0,4.0,,18.0,,,,0.0,0.0,0.0,0.0,0.0,0.0,0.0,,0.0,0.0,,0.0,,,,8.0,2.0,4.0,4.0,2.0,2.0,104.0,,2.0,2.0,,568.0,,,0.0,,,2.0
Star_Driver_Kagayaki_no_Takuto_-_Komorebi_no_Contact_Version_de_lapprivoiser,,,,,,,,,0,0,,0,0,0,0,0,0,0,0,0,0,0,0,0,0,0,0,0,1,1,1,1,1,1,1,1,0,1,0,1,0,1,0,0,0,1,,0,,0,,0,,2,4,,2,2,88,244,446,264,206,186,176,498,312,372,600,196,336,292,350,1698,1062,1728,2058,986,2186,1356,3294,594,3372,190,3386,522,664,280,16,122,822,,2,,2,,2,,,0.0,1.0,0.0,0.0,,0.0,0.0,0.0,,14.0,622.0,4.0,4.0,,2.0,2.0,4.0,,,,,,0.0,0.0,0.0,,0.0,,0.0,,,1.0,,,,,,2.0,2.0,2.0,,2.0,,2.0,,,880.0,0.0,0.0,0.0,2.0,2.0,2.0
Strike_Witches_2_-_Strike_Witches_2_Egao_no_Mahou,,,,,,,,,0,0,0,0,,0,0,0,0,0,0,0,0,0,0,0,0,1,1,1,1,1,1,1,1,1,1,0,1,1,1,1,0,1,0,0,0,0,0,0,0,1,0,0,0,8,2,2,4,,4,8,6,18,348,284,140,290,204,428,704,524,1316,1020,1538,1166,3004,1596,1238,4734,1396,3706,980,4182,10754,1334,3648,462,1156,392,62,64,76,24,30,52,1804,12,244,24,0.0,0.0,1.0,,0.0,0.0,0.0,0.0,0.0,8.0,180.0,1170.0,,2.0,2.0,2.0,4.0,120.0,0.0,0.0,,0.0,0.0,0.0,0.0,0.0,,,,,,,,78.0,24.0,,4.0,4.0,4.0,2.0,2.0,,,,,,,,,,,,,
Suzumiya_Haruhi_no_Yuuutsu_-_Koi_no_Mikuru_Densetsu,,,,,,,,,0,0,0,0,,0,0,0,0,0,0,0,0,0,0,0,0,0,0,0,0,1,1,1,1,1,1,1,1,1,1,1,0,0,1,0,1,0,0,0,0,0,0,0,0,2,4,2,4,,10,152,120,218,198,188,214,212,94,140,164,200,184,254,178,612,1060,3010,2960,5992,4030,3710,3822,2770,2384,1222,1576,662,480,920,346,1308,116,40,18,22,38,46,158,46,,0.0,0.0,0.0,0.0,0.0,0.0,0.0,0.0,,6.0,450.0,4.0,4.0,2.0,4.0,4.0,2.0,,,,0.0,,0.0,0.0,,0.0,,,,,,,,,,2.0,,2.0,2.0,,14.0,,,,,,,,,,,,
Sword_Art_Online_-_Crossing_Field,,,,,,,,,0,0,0,0,,0,0,0,0,0,0,0,0,1,0,0,0,0,1,1,1,1,1,1,1,1,1,1,1,1,1,0,0,0,0,0,0,0,0,0,0,0,0,1,1,14,14,14,12,,34,434,134,176,206,318,248,296,1038,564,686,400,998,1216,1094,2108,2338,2282,1152,3000,4274,2250,3550,2172,4198,1538,754,960,540,904,322,304,504,256,470,406,706,762,1078,3920,,0.0,0.0,0.0,0.0,0.0,0.0,0.0,0.0,,28.0,186.0,6.0,6.0,4.0,4.0,20.0,260.0,,,,0.0,,0.0,0.0,0.0,0.0,0.0,0.0,0.0,0.0,,0.0,,,,14.0,,2.0,2.0,2.0,182.0,44.0,6.0,4.0,18.0,,864.0,,,0.0,,,2.0
Sword_Art_Online_-_Overfly,,,,,,,,,0,0,0,0,0,0,0,0,0,0,0,1,0,0,0,1,1,1,1,0,1,1,1,1,1,1,1,1,1,1,1,0,1,0,0,1,0,0,0,0,0,0,0,0,0,4,4,2,2,4,6,12,12,80,584,580,1676,392,670,720,2048,4326,1346,2094,848,3444,1164,1434,3834,1180,1924,1194,4424,7624,1362,3434,364,2198,708,224,2020,40,48,18,8,66,6,4,10,98,0.0,0.0,1.0,0.0,0.0,0.0,0.0,0.0,0.0,6.0,274.0,1208.0,6.0,16.0,4.0,6.0,4.0,12.0,0.0,0.0,0.0,0.0,0.0,0.0,,0.0,,0.0,0.0,0.0,,,0.0,52.0,20.0,12.0,18.0,8.0,8.0,,2.0,,2.0,2.0,2.0,,,174.0,,0.0,0.0,,2.0,2.0
Tasogare_Otome_x_Amnesia_-_Calendrier,,,,,,,,,0,0,0,0,0,0,0,0,0,0,0,0,0,0,1,0,0,0,1,0,1,1,1,1,1,1,1,1,1,1,1,0,1,1,0,0,0,0,0,0,0,0,0,0,0,4,6,2,4,2,4,18,74,140,232,296,418,114,368,982,772,712,934,2176,592,1690,3616,2498,3750,2348,6260,2354,1142,2028,2232,5472,800,2242,1266,314,682,192,618,32,28,18,102,50,152,264,,0.0,0.0,0.0,0.0,0.0,0.0,0.0,0.0,,6.0,212.0,6.0,2.0,2.0,4.0,2.0,20.0,,,,,,0.0,0.0,0.0,,0.0,0.0,,0.0,,0.0,,,,,,4.0,4.0,2.0,,2.0,2.0,,2.0,,134.0,,,0.0,,,2.0
Tasogare_Otome_x_Amnesia_-_Calendrier_Yuuko,,,,,,,,,0,0,0,0,0,0,0,0,0,0,0,0,0,0,0,0,0,0,1,0,1,1,1,1,1,1,1,1,1,1,1,1,1,0,0,0,0,0,0,0,0,0,0,0,0,4,4,2,4,10,14,86,208,334,388,510,684,246,270,752,774,702,632,1968,528,1630,4474,1590,3190,1928,6874,2928,1554,2270,2766,5188,1012,1810,758,220,498,160,476,6,10,4,46,2,4,48,,0.0,0.0,0.0,0.0,0.0,0.0,0.0,0.0,,16.0,578.0,6.0,4.0,4.0,4.0,2.0,2.0,,,,,0.0,0.0,0.0,0.0,,,,0.0,0.0,0.0,0.0,,,,,2.0,2.0,2.0,2.0,,,,2.0,2.0,2.0,160.0,0.0,,,2.0,,
Tasogare_Otome_x_Amnesia_-_Requiem,,,,,,,,,0,0,0,0,0,0,0,0,0,0,0,0,0,0,0,0,0,0,0,0,0,0,1,1,1,1,1,1,1,1,1,1,1,0,1,0,0,0,0,0,,,0,,0,10,8,2,8,4,12,8,4,190,52,512,76,220,38,24,24,38,130,162,342,622,508,1946,1616,7310,1174,4872,5498,1110,6580,2234,3992,1248,348,1624,342,214,112,314,218,,,2,,2,0.0,0.0,0.0,0.0,0.0,0.0,0.0,0.0,0.0,10.0,146.0,410.0,16.0,2.0,4.0,4.0,4.0,2.0,0.0,0.0,0.0,0.0,0.0,0.0,0.0,0.0,,0.0,0.0,,0.0,,0.0,108.0,18.0,40.0,30.0,6.0,4.0,2.0,46.0,,2.0,2.0,,2.0,,380.0,,,0.0,,,2.0
Tenjou_Tenge_OAV_-_Makenai,,,,,,,,,0,0,0,0,0,0,0,0,0,0,0,0,0,0,1,0,1,0,1,1,1,1,1,1,1,1,1,1,1,1,0,1,0,1,0,0,0,0,0,0,0,0,0,0,0,2,8,16,4,4,4,10,48,208,876,690,246,328,616,1810,1008,1478,1214,1626,1308,3040,4588,3098,1616,2080,3736,5842,2578,7114,6432,1194,2090,992,1582,202,156,252,172,930,162,264,192,74,230,368,0.0,0.0,0.0,0.0,0.0,0.0,0.0,0.0,0.0,12.0,298.0,532.0,4.0,4.0,4.0,4.0,2.0,542.0,0.0,0.0,0.0,0.0,,,,0.0,0.0,0.0,0.0,0.0,0.0,0.0,0.0,98.0,22.0,24.0,2.0,,,,2.0,98.0,110.0,2.0,2.0,2.0,4.0,42.0,0.0,0.0,0.0,46.0,2.0,10.0
The_Idolmster_-_Nemurihime,,,,,,,,,0,0,0,0,0,0,0,0,0,0,0,0,0,0,0,0,0,1,0,1,1,1,1,0,1,0,1,1,1,1,0,1,1,1,1,0,1,0,0,0,0,0,0,0,0,80,74,8,4,12,110,50,98,182,104,158,166,390,186,740,658,1040,1590,1402,3584,1874,2472,3544,1086,2428,1000,4406,6764,2940,13604,1200,5230,1578,5412,3460,718,2246,392,156,162,210,254,218,104,166,,0.0,0.0,0.0,0.0,0.0,0.0,0.0,0.0,,24.0,658.0,68.0,16.0,18.0,12.0,76.0,162.0,0.0,0.0,0.0,0.0,0.0,0.0,0.0,0.0,0.0,0.0,0.0,0.0,0.0,0.0,0.0,38.0,6.0,10.0,38.0,32.0,52.0,20.0,34.0,14.0,52.0,8.0,2.0,10.0,90.0,14.0,0.0,0.0,0.0,138.0,6.0,2.0
The_Idolmster_-_Yakusoku,,,,,,,,,0,0,0,0,0,0,0,0,0,0,0,0,0,1,0,0,0,1,1,0,1,0,1,1,0,1,0,1,0,1,1,0,1,0,0,0,0,0,0,0,0,0,0,0,0,84,28,18,12,8,38,218,76,218,106,974,996,222,1686,382,820,312,1854,3668,810,4624,972,4614,1442,704,3656,584,1684,468,3542,10750,462,1292,204,944,300,56,52,20,32,16,138,150,10,26,0.0,0.0,0.0,0.0,0.0,0.0,0.0,0.0,0.0,4.0,92.0,794.0,14.0,26.0,14.0,10.0,42.0,2.0,0.0,0.0,0.0,0.0,0.0,0.0,0.0,0.0,0.0,0.0,0.0,0.0,0.0,0.0,0.0,24.0,2.0,6.0,20.0,10.0,152.0,8.0,16.0,2.0,2.0,2.0,2.0,2.0,2.0,164.0,,,,,,
To_Aru_Kagaku_no_Railgun_-_LEVEL5_Judgelight_Karaoke,,,,,,,,,0,0,0,0,0,0,0,1,1,1,1,1,1,1,1,1,1,1,1,1,0,1,1,1,1,0,0,0,0,0,0,0,0,0,0,0,0,0,0,0,0,0,0,0,0,52,18,24,68,170,234,772,1406,1516,3330,3994,3210,2310,2044,3274,3652,2116,1918,2400,1420,686,1340,1248,1246,1278,654,472,444,294,422,264,190,166,546,882,526,796,490,170,146,126,804,376,166,1036,0.0,0.0,0.0,0.0,0.0,0.0,0.0,0.0,0.0,6.0,44.0,954.0,8.0,12.0,8.0,6.0,18.0,166.0,0.0,0.0,0.0,0.0,0.0,0.0,0.0,0.0,0.0,0.0,0.0,0.0,0.0,0.0,1.0,6.0,2.0,10.0,4.0,2.0,14.0,2.0,10.0,150.0,82.0,44.0,134.0,86.0,500.0,1470.0,0.0,0.0,0.0,42.0,328.0,268.0
To_Aru_Kagaku_no_Railgun_-_Only_My_Railgun_Karaoke,,,,,,,,,0,0,0,0,0,0,0,1,1,1,1,1,1,1,1,1,1,1,1,0,0,0,0,1,1,1,0,0,0,0,0,0,0,0,0,0,0,0,0,0,0,0,0,0,0,10,10,4,22,16,52,576,1100,1588,3296,5020,5350,2674,2818,3752,3366,2090,1650,1870,588,704,778,826,1152,1072,1388,754,938,474,292,266,162,178,414,310,180,190,264,184,258,68,44,254,134,436,,0.0,0.0,0.0,0.0,0.0,0.0,0.0,0.0,,2.0,122.0,4.0,6.0,6.0,2.0,56.0,108.0,,,,0.0,0.0,,0.0,0.0,0.0,0.0,0.0,0.0,0.0,0.0,1.0,,,,2.0,2.0,,2.0,4.0,56.0,150.0,56.0,200.0,104.0,22.0,2434.0,0.0,0.0,0.0,42.0,252.0,180.0
To_Aru_Kagaku_no_Railgun_OVA_-_Special_One,,,,,,,,,,,,0,0,0,0,0,0,0,0,0,0,0,0,0,0,0,0,0,1,1,1,1,1,1,1,1,1,1,1,0,1,1,0,1,0,0,0,0,0,,0,0,0,,,,26,388,26,466,38,296,238,326,928,456,754,470,568,320,550,566,828,3148,1262,2076,1108,2000,3404,1238,4756,6686,2390,4346,952,3724,1436,928,2046,276,138,32,146,8,,12,6,38,,,,,,,,,0.0,,,,,,,,,2.0,,,,,,,,,0.0,,,0.0,0.0,0.0,1.0,,,,,,,,,2.0,,,2.0,2.0,2.0,1186.0,0.0,,0.0,4.0,,10.0
To_Love-Ru_Trouble_-_Forever_We_Can_Make_It,,,,,,,,,0,0,0,0,0,0,0,0,0,0,0,0,0,0,0,0,1,1,1,1,1,1,1,1,1,1,0,0,0,1,1,0,0,0,0,0,0,0,0,0,0,0,0,0,0,22,4,8,18,12,42,530,194,124,278,438,408,484,726,714,964,2054,2974,6122,2184,5686,5276,5496,1874,1408,3544,596,432,678,2850,3188,296,78,112,188,58,106,240,58,32,46,410,360,20,116,,0.0,0.0,,,,,0.0,0.0,,16.0,346.0,,,,,10.0,2.0,,,,0.0,0.0,0.0,0.0,0.0,0.0,0.0,0.0,0.0,0.0,,,,,,2.0,2.0,2.0,2.0,2.0,2.0,4.0,24.0,2.0,24.0,,,0.0,,,2.0,,
Touka_Gettan_-_Kono_Sekai_ga_Itsuka_wa,,,,,,,,,0,0,0,0,0,0,0,0,0,0,1,0,0,0,0,1,0,1,1,1,1,1,1,0,1,0,1,1,1,1,1,1,0,0,1,0,0,0,0,0,0,0,0,0,0,66,36,56,70,38,80,324,872,934,676,1798,538,786,338,752,1474,560,1828,1520,1836,1612,1110,3168,948,2112,510,1268,4818,1078,4320,1590,5160,956,292,1836,302,752,132,40,68,82,912,488,4,4,0.0,0.0,0.0,0.0,0.0,0.0,0.0,0.0,0.0,90.0,262.0,412.0,84.0,84.0,92.0,26.0,58.0,2.0,0.0,0.0,0.0,0.0,0.0,0.0,0.0,0.0,0.0,0.0,0.0,0.0,0.0,0.0,1.0,352.0,120.0,164.0,136.0,64.0,48.0,38.0,138.0,4.0,4.0,6.0,2.0,4.0,70.0,2578.0,0.0,0.0,0.0,4.0,4.0,40.0
Trinity_Blood_-_Requiem__Inori,,,,,,,,,0,0,0,0,0,0,0,0,0,0,1,1,1,0,0,1,1,1,1,1,1,1,1,1,0,1,0,1,1,1,1,0,0,0,0,0,0,0,0,0,0,0,0,,0,6,14,12,80,84,62,292,200,404,574,1628,2150,1452,922,1114,3218,1632,2816,1810,1268,6674,2572,5200,2070,658,1830,746,6742,1336,4264,4176,438,688,26,32,28,8,28,12,96,20,282,2,,2,0.0,0.0,0.0,0.0,0.0,0.0,0.0,0.0,0.0,18.0,52.0,52.0,8.0,8.0,4.0,4.0,2.0,2.0,0.0,0.0,0.0,0.0,0.0,0.0,,0.0,,0.0,0.0,,0.0,0.0,0.0,80.0,36.0,28.0,30.0,6.0,2.0,,4.0,,2.0,2.0,,2.0,2.0,1026.0,,,0.0,,,16.0
White_Album_-_Glass_no_Hana,,,,,,,,,0,0,0,0,0,0,0,0,0,0,0,0,0,0,0,0,0,0,1,0,1,0,1,1,1,1,1,1,1,1,1,0,1,0,0,0,0,1,0,0,0,0,0,0,0,8,10,2,2,2,2,2,4,76,32,44,26,96,754,470,556,370,882,1712,486,2666,1004,1484,1302,4940,10228,2338,4618,1664,5922,2468,706,2794,452,886,298,336,1090,128,240,142,182,98,28,390,,0.0,0.0,0.0,0.0,0.0,0.0,0.0,,,16.0,868.0,4.0,2.0,4.0,4.0,6.0,,,,,0.0,0.0,0.0,0.0,0.0,,,,,,,,,,,6.0,4.0,6.0,6.0,2.0,,,,,,,,,,,,,
Zettai_Karen_Children_-_Soushunfu,,,,,,,,,0,0,0,0,0,0,0,0,0,1,0,0,0,0,0,0,0,0,0,0,1,1,1,1,1,1,1,1,1,1,1,0,1,0,0,0,0,0,0,0,0,0,0,0,0,42,140,18,10,4,6,6,44,142,1166,412,426,368,320,480,464,450,346,734,906,2262,3320,2098,3392,4040,7782,3226,3302,2014,3010,1168,778,1732,174,58,78,48,106,36,100,98,52,224,28,764,,0.0,0.0,0.0,0.0,0.0,0.0,0.0,0.0,,38.0,552.0,4.0,8.0,6.0,8.0,8.0,12.0,,,,0.0,0.0,0.0,0.0,,0.0,0.0,0.0,,0.0,,0.0,,,,30.0,2.0,4.0,4.0,,8.0,20.0,2.0,,2.0,,664.0,,,0.0,,,2.0
Zettai_Karen_Children_-_Zettai_lovexlove_Sengen,,,,,,,,,0,0,0,0,0,0,0,0,0,0,1,1,0,1,1,0,0,1,1,0,1,1,1,0,1,1,1,1,1,1,1,0,1,0,0,0,0,0,0,0,0,0,0,0,1,18,8,10,8,14,22,120,222,666,590,1082,1068,908,1026,960,776,752,1340,1402,746,1622,976,1246,868,1974,5466,1910,3648,1146,4116,2842,836,3490,154,262,198,196,218,102,98,58,60,154,88,1260,,0.0,0.0,0.0,0.0,0.0,0.0,0.0,0.0,,34.0,318.0,4.0,6.0,4.0,8.0,12.0,52.0,,,,0.0,0.0,0.0,,0.0,0.0,0.0,0.0,0.0,0.0,,,,,,18.0,4.0,8.0,,4.0,54.0,174.0,2.0,10.0,50.0,,,0.0,0.0,,10.0,4.0,
กรุ่นกลิ่นโปรยลมฝนสาดส่งใส่ความเหงาหอบรักที่ว่างเปล่ามีเพียงแต่เราที่เฉาไป,,,,,,,,,0,0,0,0,0,0,0,0,0,0,1,1,1,1,1,1,1,1,1,1,0,1,1,1,1,0,0,0,0,0,0,0,0,0,0,,0,0,,0,,,0,0,,48,76,32,88,30,26,54,148,144,374,1566,1314,1656,1796,4964,6752,2644,3436,2346,3086,902,1872,3498,1796,1450,376,652,794,62,412,138,106,2,2,2,,2,2,,2,,,2,2,,0.0,0.0,0.0,0.0,0.0,0.0,0.0,0.0,0.0,252.0,176.0,248.0,394.0,240.0,154.0,26.0,36.0,2.0,1.0,0.0,0.0,0.0,0.0,0.0,0.0,0.0,,0.0,0.0,0.0,,,0.0,1282.0,194.0,184.0,222.0,374.0,308.0,44.0,38.0,,2.0,2.0,2.0,,,648.0,,0.0,0.0,,2.0,2.0
กล้าพอไหม,,,,,,,,,0,0,0,0,0,0,0,0,0,0,1,0,1,0,1,1,1,1,1,1,1,1,1,1,1,0,0,0,0,0,0,0,0,0,0,0,0,0,0,0,0,0,,0,,13,13,9,93,64,34,33,190,508,238,1044,301,618,498,852,3223,727,2218,954,2069,5692,904,5212,648,1870,267,69,101,44,19,26,48,108,18,36,20,58,3,48,14,3,1,,1,,0.0,0.0,0.0,0.0,0.0,0.0,0.0,0.0,0.0,7.0,55.0,123.0,13.0,3.0,3.0,3.0,37.0,1.0,0.0,0.0,0.0,0.0,0.0,0.0,0.0,0.0,,0.0,0.0,0.0,,,1.0,52.0,12.0,9.0,16.0,12.0,5.0,6.0,3.0,,1.0,1.0,1.0,,,798.0,,0.0,0.0,,1.0,2.0
ขอบคุณที่รักกัน,,,,,,,,,0,0,0,0,0,0,0,1,1,1,1,1,1,1,1,1,1,1,1,1,0,1,0,1,1,0,1,0,1,0,0,0,0,0,0,0,0,,,,,,,,,18,13,8,11,12,35,128,894,584,635,649,1426,2203,650,1217,933,2211,1295,896,2471,452,1071,285,756,2071,341,796,257,591,219,52,11,9,5,6,9,16,,,,,,,,,0.0,0.0,0.0,0.0,0.0,0.0,0.0,0.0,,1.0,5.0,7.0,1.0,1.0,1.0,2.0,6.0,,,,0.0,0.0,0.0,0.0,0.0,0.0,,,,,,,,,,7.0,4.0,2.0,3.0,3.0,2.0,,,,,,,,,,,,,
ขาหมู,,,,,,,,,,0,0,0,0,0,0,0,0,1,1,1,1,1,1,1,1,1,1,1,1,1,1,1,1,0,0,0,0,0,,,,,,,,,,,,,,,,,10,4,4,4,4,58,110,340,928,1024,2044,2620,1018,2974,1646,2732,2910,2334,3464,1792,4466,2314,3384,2414,390,620,112,118,54,,,,,,,,,,,,,,,,,0.0,0.0,0.0,0.0,0.0,0.0,0.0,,,2.0,398.0,6.0,4.0,4.0,2.0,34.0,,,0.0,0.0,,0.0,0.0,0.0,0.0,,,,,,,,,6.0,2.0,,2.0,2.0,4.0,2.0,,,,,,,,,,,,,
ข้างกัน,,,,,,,,,0,0,0,0,0,0,0,0,0,0,1,0,0,0,1,1,0,1,0,0,0,1,1,1,1,1,1,1,0,1,0,0,0,0,0,0,0,0,0,0,0,0,0,0,0,36,116,8,8,6,8,12,6,60,188,1370,264,482,518,2436,2416,988,6690,1106,1010,722,4312,11848,1492,6120,1788,8082,2040,656,3126,164,136,6,4,16,30,34,10,24,2,42,4,2,4,10,0.0,0.0,0.0,0.0,,0.0,0.0,0.0,,2.0,64.0,634.0,2.0,,2.0,2.0,94.0,,,,0.0,0.0,0.0,0.0,,0.0,,,,,,,,,,2.0,6.0,2.0,2.0,,2.0,,,,,,,,,,,,,
คนไกล,,,,,,,,,0,0,,0,,0,,0,0,0,0,0,1,0,1,1,1,1,1,1,1,1,1,0,1,0,0,0,0,0,0,0,0,0,0,0,0,0,0,,0,,0,0,0,1,1,,1,,1,,1,8,64,244,216,1996,349,2077,530,954,5136,1080,3235,935,1732,811,109,603,112,160,4,5,6,2,5,3,20,5,1,30,1,1,,1,,1,1,1,0.0,0.0,0.0,,,,,,0.0,1.0,21.0,234.0,,,,,,1.0,0.0,0.0,,0.0,0.0,0.0,0.0,0.0,,0.0,,0.0,0.0,,1.0,3.0,1.0,,3.0,1.0,1.0,1.0,1.0,,1.0,,1.0,1.0,,550.0,0.0,0.0,0.0,1.0,1.0,1.0
คนไม่คุย,,,,,,,,,0,0,0,0,0,0,0,0,0,0,1,1,1,0,1,1,1,1,1,1,1,0,1,0,1,0,0,1,0,1,0,0,0,0,0,0,0,0,,0,0,0,,,,7,2,8,2,5,19,51,183,136,196,1111,482,1270,389,728,2311,1162,4275,1921,2865,475,384,1276,428,570,295,152,516,156,718,214,161,13,13,9,4,11,5,,2,7,33,,,,0.0,0.0,0.0,0.0,,,0.0,0.0,,2.0,31.0,128.0,1.0,,,1.0,12.0,,0.0,0.0,0.0,,0.0,0.0,,0.0,,,,,,,,52.0,6.0,3.0,,1.0,1.0,,245.0,,,,,,,,,,,,,
คิดแต่ไม่ถึง,,,,,,,,,,,,,,,0,0,0,0,0,0,0,0,0,1,0,1,1,1,1,1,1,1,1,1,0,0,0,0,0,0,0,0,0,0,0,0,0,0,0,0,0,0,0,,,,,,,2,4,10,4,12,22,184,696,494,1748,984,1864,9642,1672,8310,3630,6954,4730,1752,6942,412,364,166,398,276,98,140,96,146,158,150,478,22,30,82,288,26,12,318,,,,,,,,,0.0,,,,,,,,,6.0,,,,,,,,,,,,,,,,,,,,,,,,,,,,,,,,,,,,
คืนที่ดาวเต็มฟ้า,,,,,,,,,0,0,0,0,0,0,0,0,0,0,1,1,1,0,1,0,1,1,1,1,1,1,1,1,1,1,1,0,0,0,0,0,0,0,0,0,0,0,0,0,0,0,0,0,,5,49,3,13,42,227,68,252,181,370,1944,493,1289,334,915,373,668,2713,806,1561,529,1100,3382,481,1864,585,844,117,72,336,81,206,16,9,16,10,88,10,2,5,24,234,9,1,,,0.0,0.0,0.0,0.0,0.0,0.0,0.0,0.0,,3.0,41.0,2.0,2.0,1.0,2.0,2.0,1.0,,,,,,0.0,,,,0.0,0.0,,0.0,0.0,0.0,,,,,,1.0,,,,1.0,1.0,,1.0,1.0,143.0,,,,,,
คุกเข่า,,,,,,,,,0,,0,0,0,0,0,0,0,1,1,1,0,1,1,1,1,1,1,0,1,1,1,1,1,1,1,0,1,0,0,0,0,1,0,0,,0,0,0,0,0,,0,0,1,,27,21,79,87,106,112,468,1372,660,930,479,1156,955,768,2274,952,1694,490,1034,3825,853,3030,758,1057,674,177,680,141,271,29,61,687,33,15,,3,2,3,1,4,,2,4,,0.0,0.0,0.0,,0.0,0.0,,0.0,,12.0,211.0,1.0,,1.0,1.0,,4.0,,,,,0.0,,,0.0,0.0,0.0,0.0,0.0,0.0,0.0,,,,,,1.0,,,1.0,1.0,3.0,5.0,7.0,50.0,3.0,,,0.0,,,27.0,
คู่ชีวิต,,,,,,,,,0,0,0,0,0,0,0,0,1,0,1,0,1,1,1,1,1,1,1,1,1,1,1,0,1,1,0,1,0,1,0,0,0,0,0,0,0,0,0,0,0,0,0,,0,59,29,16,36,43,111,451,307,842,382,727,557,1495,3861,1316,3913,1094,2213,1003,1114,3794,1024,2248,475,1142,1047,440,874,220,743,102,96,308,21,15,11,40,98,36,136,3,56,2,,21,0.0,0.0,0.0,0.0,0.0,0.0,0.0,0.0,0.0,13.0,145.0,451.0,190.0,19.0,10.0,7.0,13.0,2.0,0.0,0.0,0.0,0.0,0.0,0.0,0.0,0.0,0.0,0.0,0.0,0.0,0.0,,,75.0,23.0,47.0,94.0,48.0,20.0,7.0,4.0,4.0,4.0,3.0,8.0,17.0,,,0.0,0.0,,4.0,3.0,
งานเต้นรำในคืนพระจันทร์เต็มดวง,,,,,,,,,0,0,0,0,0,0,0,0,0,0,1,1,0,1,1,1,1,1,1,1,1,1,1,1,0,1,1,0,1,0,0,0,0,0,0,1,0,0,0,0,0,0,0,0,0,44,24,14,14,68,30,118,248,418,966,1420,1948,698,1516,5596,2232,4782,2650,4338,1814,2382,5512,1272,3132,752,2412,1966,766,1710,294,1040,362,566,552,252,1428,150,304,282,84,198,52,538,56,208,0.0,0.0,0.0,0.0,0.0,0.0,0.0,0.0,0.0,66.0,294.0,878.0,10.0,8.0,6.0,8.0,24.0,398.0,0.0,0.0,0.0,0.0,0.0,0.0,0.0,0.0,0.0,0.0,,0.0,,,0.0,410.0,82.0,132.0,48.0,14.0,14.0,12.0,16.0,40.0,748.0,,2.0,,,736.0,0.0,0.0,0.0,6.0,2.0,2.0
จดจำ,,,,,,,,,0,0,0,0,0,0,0,0,0,0,0,1,1,1,1,1,1,1,1,1,1,1,1,0,1,0,0,0,0,0,0,0,0,0,0,0,0,0,0,,0,,,0,,8,12,5,6,5,12,232,62,68,222,578,957,1580,709,1948,1281,1347,5247,2466,4087,1207,2944,2127,569,2165,575,401,162,338,636,224,174,104,33,16,13,394,2,43,,1,,,1,,0.0,0.0,0.0,0.0,0.0,0.0,0.0,0.0,0.0,2.0,27.0,337.0,1.0,1.0,1.0,2.0,6.0,1.0,0.0,,0.0,0.0,0.0,0.0,0.0,0.0,,0.0,,0.0,,,0.0,3.0,,10.0,5.0,1.0,2.0,1.0,1.0,,1.0,,1.0,,,86.0,0.0,0.0,0.0,1.0,1.0,1.0
จดหมายจากใครคนหนึ่ง,,,,,,,,,,,,,,,,0,1,1,1,1,0,1,1,1,1,1,1,1,1,0,1,1,1,0,0,,0,0,,0,,0,0,,,0,0,,0,,0,0,,,,,,,,,30,1218,3686,2912,6116,810,2518,1612,2742,9250,2708,5494,1372,4158,902,1550,4278,1092,372,52,,2,2,,2,,2,2,,,2,2,,2,,2,2,,,,,,,,,,0.0,,,,,,,,,2.0,,,,,,,,,0.0,,0.0,0.0,0.0,,0.0,,,,,,,,,2.0,,2.0,2.0,2.0,,252.0,,0.0,0.0,,2.0,10.0
จักรวาลสมมติ,,,,,,,,,0,0,0,0,0,0,0,1,0,0,0,0,1,1,1,1,1,1,1,1,0,0,0,0,1,0,0,0,0,0,0,0,0,0,0,0,0,0,0,0,0,0,0,0,0,24,10,12,14,36,144,602,1056,494,748,292,552,6142,1366,5316,2214,8330,5622,3154,7138,734,846,484,788,994,134,44,22,42,36,22,10,24,26,82,10,14,22,6,10,20,12,8,8,20,,0.0,0.0,0.0,0.0,0.0,0.0,0.0,0.0,,4.0,66.0,2.0,2.0,2.0,2.0,16.0,14.0,,,,,,,,,0.0,0.0,0.0,0.0,0.0,0.0,0.0,,,,,,,,,4.0,10.0,12.0,4.0,40.0,180.0,662.0,0.0,0.0,0.0,12.0,110.0,50.0
ชิว,,,,,,,,,0,0,0,0,0,0,1,0,1,1,1,0,1,1,1,1,0,1,1,0,0,0,0,0,0,0,0,0,0,0,0,0,0,0,0,,,,,,,,,,,18,34,18,46,276,124,1550,772,4912,1222,6044,778,894,8568,1048,5014,562,2142,5012,562,464,298,214,26,106,570,26,2,8,8,28,2,2,126,60,,,,,,,,,,,0.0,0.0,0.0,0.0,0.0,0.0,0.0,0.0,,30.0,52.0,816.0,18.0,82.0,188.0,4.0,10.0,,0.0,0.0,0.0,0.0,0.0,0.0,0.0,0.0,,,,,,,,254.0,38.0,10.0,12.0,56.0,78.0,40.0,4.0,,,,,,,,,,,,,
ช่างมัน,,,,,,,,,0,0,0,0,0,0,0,0,0,0,1,1,1,1,1,1,1,1,1,1,1,1,1,1,0,0,0,0,0,0,0,0,0,0,0,0,0,0,0,,,,,,,3,2,1,2,1,1,12,72,458,300,740,1695,710,1727,1211,2171,4987,1694,3548,1310,2075,752,655,2454,426,426,124,42,107,22,16,27,105,18,24,92,23,22,18,,,,,,,0.0,0.0,0.0,0.0,0.0,0.0,0.0,0.0,,2.0,2.0,8.0,1.0,2.0,1.0,3.0,7.0,,0.0,0.0,0.0,0.0,0.0,0.0,0.0,0.0,,,,,,,,58.0,8.0,1.0,4.0,3.0,2.0,2.0,2.0,,,,,,,,,,,,,
ดวงตานั้น,,,,,,,,,0,0,0,0,0,0,0,0,0,0,0,0,0,0,1,1,1,1,1,1,1,1,1,1,1,0,1,0,0,0,0,0,0,0,0,0,0,0,0,0,0,0,0,0,0,64,16,16,22,48,34,54,454,86,164,428,690,822,628,2726,1576,2266,2572,5936,6998,2416,3570,2166,4042,2556,464,1620,338,192,54,60,138,6,10,8,46,10,6,4,2,4,4,4,2,42,0.0,0.0,0.0,0.0,0.0,,0.0,0.0,0.0,4.0,36.0,44.0,6.0,8.0,,2.0,10.0,4.0,0.0,0.0,0.0,0.0,0.0,0.0,0.0,0.0,0.0,,,0.0,,,0.0,10.0,2.0,18.0,14.0,12.0,4.0,4.0,20.0,2.0,,,2.0,,,430.0,0.0,0.0,0.0,2.0,2.0,2.0
ดวงเดือน,,,,,,,,,0,0,0,0,0,0,0,1,0,0,0,0,1,1,1,1,1,1,1,1,1,1,0,1,1,0,1,0,0,0,0,0,0,0,0,0,1,0,0,0,0,0,0,0,0,14,22,2,2,10,22,206,1564,248,492,264,528,2742,1256,4002,1378,2976,2256,2516,5536,1354,5112,938,1674,7744,802,3068,228,808,416,306,352,152,382,260,206,2712,270,884,62,80,132,360,546,142,,,,,,,,,0.0,,,,,,,,,160.0,,,,,,,,,0.0,1.0,0.0,0.0,0.0,0.0,0.0,,,,,,,,,482.0,1230.0,78.0,20.0,6.0,62.0,12.0,0.0,0.0,0.0,822.0,8.0,4.0
ดอกไม้ในใจฉัน (Seum channel),,,,,,,,,0,0,0,0,0,0,0,0,0,1,0,0,0,0,0,0,0,0,0,0,1,1,1,1,1,1,1,1,1,1,1,0,0,0,0,,,,,,,,,,,12,8,12,14,10,12,12,46,694,1042,474,238,122,82,86,152,132,236,1024,486,2414,5030,1990,5950,2592,9800,1198,1494,11114,1966,1906,26,26,64,14,,,,,,,,,,,0.0,0.0,0.0,0.0,0.0,0.0,0.0,0.0,,46.0,146.0,406.0,42.0,10.0,10.0,42.0,14.0,,0.0,0.0,0.0,0.0,0.0,0.0,0.0,0.0,,,,,,,,286.0,42.0,24.0,52.0,24.0,14.0,8.0,6.0,,,,,,,,,,,,,
ดาวหางฮัลเลย์,,,,,,,,,0,0,0,0,0,0,0,0,0,0,0,0,0,1,0,0,0,1,1,1,1,1,1,1,1,1,0,0,0,1,1,0,0,0,0,0,0,0,,0,0,0,,,,6,5,4,3,4,2,7,3,30,26,43,66,135,492,191,297,216,1077,4466,819,4198,995,2182,940,483,2381,194,406,233,1416,728,18,58,37,6,3,1,5,,1,1,6,,,,0.0,0.0,0.0,0.0,,0.0,0.0,0.0,,2.0,34.0,137.0,1.0,,2.0,1.0,27.0,,0.0,0.0,0.0,0.0,0.0,0.0,0.0,0.0,,,,,,,,16.0,2.0,3.0,17.0,3.0,2.0,2.0,4.0,,,,,,,,,,,,,
ดินแดนแห่งสายลม,,,,,,,,,0,0,0,0,,0,0,0,0,0,0,0,1,0,1,1,1,1,1,1,1,1,1,1,1,0,0,0,0,0,0,0,0,0,0,0,0,0,0,0,0,0,,0,,6,2,4,6,,12,6,68,736,382,830,282,914,502,916,5082,1210,6166,2696,5372,1090,1558,9500,976,2538,166,322,752,28,60,152,26,14,18,46,14,14,40,10,172,22,292,,2,,,0.0,0.0,0.0,0.0,0.0,0.0,0.0,0.0,,28.0,520.0,10.0,2.0,4.0,2.0,2.0,2.0,,,0.0,0.0,0.0,0.0,0.0,0.0,0.0,,,0.0,0.0,0.0,1.0,,,2.0,6.0,10.0,8.0,4.0,4.0,2.0,,,2.0,2.0,2.0,954.0,0.0,,,2.0,,
ดีดนิ้วจิบเบียร์,,,,,,,,,0,0,0,0,0,0,0,1,1,1,1,1,1,1,1,1,1,1,0,0,0,0,0,0,1,0,0,0,0,0,0,0,0,0,0,0,,0,,0,,,0,,0,76,124,354,578,556,334,512,1510,2656,1122,1828,2476,5578,4240,2762,6542,1706,2420,636,366,504,272,560,442,1290,196,164,128,134,44,36,24,6,4,12,2,,2,,2,,,2,,2,,0.0,0.0,0.0,0.0,0.0,0.0,0.0,0.0,,40.0,606.0,10.0,4.0,6.0,10.0,28.0,2.0,0.0,0.0,0.0,0.0,,0.0,,0.0,,0.0,,0.0,0.0,,0.0,24.0,10.0,4.0,2.0,,2.0,,14.0,,2.0,,2.0,2.0,,350.0,,,0.0,,,2.0
ถ้าพระอาทิตย์,,,,,,,,,,0,,0,0,0,0,0,0,0,0,0,1,0,1,0,1,1,1,1,1,1,1,1,1,0,1,0,1,0,0,0,0,0,0,0,0,0,0,0,0,0,0,,,,4,,2,10,42,106,256,192,346,256,534,1538,480,1352,756,1418,1876,1896,5224,2056,4164,1670,4950,6988,764,1096,266,2344,850,212,726,76,26,12,30,156,40,186,76,100,4,6,,,,0.0,0.0,,0.0,0.0,0.0,0.0,,,4.0,134.0,,2.0,2.0,4.0,2.0,,,,,0.0,0.0,,,,,,,,,,,,,,2.0,2.0,,,,,,,,,,,,,,,,
ถ้าเธอรักฉันจริง,,,,,,,,,,,,,,0,0,0,0,0,0,0,0,0,0,1,1,1,1,0,1,1,1,1,1,1,1,1,1,0,0,0,0,0,0,0,0,0,0,0,,,,,,,,,,,8,80,22,50,134,372,626,422,732,516,1366,1772,1478,4794,788,2214,1058,4870,8508,1592,6916,1412,4644,2452,296,546,76,68,24,106,20,26,58,2,18,,,,,,,,,,,,,,,,,,,,,,,,,,,,,,,,,,,,,,,,,,,,,,,,,,,,,,,,,,,
ถ้าเธอรักใครคนหนึ่ง,,,,,,,,,,,,,,,0,0,0,0,0,1,0,1,0,1,0,1,1,1,1,1,1,1,1,1,1,1,1,0,1,0,0,0,0,0,0,0,0,0,0,0,0,0,0,,,,,,,30,19,121,51,235,1071,212,658,492,514,323,517,2207,713,2440,993,1178,3406,1801,2498,1066,1382,997,261,785,75,51,7,1,4,1,2,1,2,1,3,1,2,29,,,,,,,,,0.0,,,,,,,,,3.0,,,,,,,,,,,0.0,0.0,,,1.0,,,,,,,,,,,1.0,1.0,,,494.0,0.0,0.0,0.0,1.0,1.0,1.0
ถ้าเราเจอกันอีก,,,,,,,,,0,0,0,0,0,0,0,0,0,0,0,0,0,1,0,1,1,1,1,0,1,1,1,1,1,1,1,1,1,0,0,0,0,0,0,0,0,0,0,0,0,0,0,0,0,20,2,2,2,2,14,104,16,20,78,194,376,340,1326,772,2912,2776,1372,6128,790,4358,1822,3438,12064,1682,6042,2202,3574,1156,78,378,56,50,54,70,568,70,166,62,296,188,2,160,2,4,0.0,0.0,0.0,0.0,0.0,0.0,0.0,0.0,0.0,32.0,58.0,24.0,8.0,4.0,4.0,2.0,20.0,4.0,0.0,0.0,0.0,0.0,0.0,0.0,0.0,0.0,0.0,0.0,,0.0,0.0,0.0,1.0,62.0,36.0,128.0,2.0,2.0,2.0,4.0,2.0,2.0,10.0,,2.0,2.0,2.0,1466.0,0.0,,,2.0,,
ทักครับ,,,,,,,,,0,,0,0,0,0,0,0,0,0,0,0,0,0,0,0,1,0,1,1,1,1,1,1,1,1,1,0,1,0,0,0,0,0,0,0,0,0,0,0,0,0,0,,,1,,161,1,2,3,7,18,70,70,63,46,68,271,172,280,777,361,1710,416,1077,2161,1506,2908,1311,3766,470,139,467,45,39,24,19,36,34,115,31,120,111,21,13,25,4,,,0.0,0.0,0.0,,,,,0.0,,2.0,26.0,113.0,,,,,1.0,,0.0,0.0,0.0,0.0,0.0,0.0,0.0,,,,,,,,,28.0,4.0,8.0,35.0,1.0,1.0,1.0,,,,,,,,,,,,,,
ทางของฝุ่น,,,,,,,,,0,0,0,0,0,0,0,0,0,0,1,0,1,0,1,1,1,1,1,1,1,1,1,0,0,0,0,0,0,0,0,0,0,0,0,0,0,0,0,0,0,0,0,0,0,9,6,11,23,4,13,20,68,60,198,656,315,723,357,1425,3316,1182,4821,2358,3706,1917,617,2793,357,430,63,60,79,41,184,45,44,18,8,47,1,7,3,4,3,4,2,6,5,7,0.0,0.0,0.0,0.0,0.0,0.0,0.0,0.0,0.0,6.0,32.0,301.0,2.0,1.0,2.0,1.0,2.0,1.0,0.0,0.0,0.0,0.0,0.0,0.0,0.0,0.0,0.0,0.0,0.0,0.0,0.0,0.0,0.0,29.0,5.0,20.0,7.0,3.0,5.0,2.0,3.0,2.0,1.0,3.0,1.0,2.0,7.0,12.0,0.0,0.0,0.0,1.0,1.0,2.0
ทิ้งบางอย่างเอาไว้ให้กลายเป็นเรื่องราวที่เคยเกิดขึ้นก็พอ,,,,,,,,,0,0,0,0,1,0,1,1,1,1,1,1,1,1,1,1,1,1,1,1,0,0,0,0,0,0,0,0,0,0,0,0,0,0,0,0,0,0,0,0,,,0,,0,26,94,44,178,1098,578,1942,2818,2796,4504,2724,2844,1598,2508,5084,2464,3720,2734,4172,3540,240,174,158,394,290,388,966,88,544,32,38,456,30,14,10,2,26,6,2,2,,,2,,2,0.0,0.0,0.0,0.0,0.0,0.0,0.0,0.0,0.0,76.0,124.0,192.0,6.0,8.0,12.0,6.0,12.0,2.0,1.0,0.0,0.0,0.0,0.0,0.0,0.0,0.0,,0.0,0.0,0.0,,,1.0,1270.0,86.0,24.0,14.0,12.0,10.0,12.0,14.0,,2.0,2.0,2.0,,,1272.0,,0.0,0.0,,2.0,6.0
ทุกนาทีที่สวยงาม,,,,,,,,,0,0,0,0,0,0,0,0,0,0,0,0,0,1,1,1,1,1,1,1,1,1,1,1,1,1,1,0,1,0,1,0,0,0,0,0,0,0,0,0,0,0,0,0,0,1,3,11,13,19,16,9,30,105,281,225,432,385,1555,1726,1012,2359,1360,2514,1019,1797,4359,3422,3120,1335,1998,1202,531,1007,715,750,449,105,185,133,278,206,347,304,69,142,47,82,3,9,0.0,0.0,0.0,0.0,0.0,0.0,0.0,0.0,0.0,3.0,27.0,28.0,4.0,5.0,2.0,2.0,2.0,2.0,0.0,0.0,0.0,0.0,0.0,0.0,0.0,0.0,0.0,0.0,0.0,0.0,0.0,0.0,0.0,36.0,8.0,5.0,4.0,8.0,1.0,1.0,1.0,6.0,38.0,26.0,16.0,57.0,23.0,532.0,0.0,0.0,0.0,10.0,18.0,11.0
ทุ้มอยู่ในใจ,,,,,,,,,,0,0,0,0,0,0,0,0,1,0,0,0,1,1,1,1,1,1,1,1,1,1,1,1,1,1,0,1,0,0,0,0,0,0,0,0,0,,,,,,,,,4,2,2,10,46,130,134,380,2210,680,1030,726,1370,2000,2202,3628,1734,2798,1350,3994,10672,1782,6076,1368,3712,1448,286,1604,164,152,18,32,36,4,2,4,26,,,,,,,,0.0,0.0,0.0,0.0,0.0,0.0,0.0,0.0,,46.0,176.0,794.0,12.0,4.0,4.0,2.0,4.0,,0.0,0.0,0.0,0.0,,,0.0,0.0,,,,,,,,358.0,88.0,56.0,20.0,,,2.0,2.0,,,,,,,,,,,,,
นะหน้าทอง,,,,,,,,,0,0,0,0,0,0,0,0,0,0,0,1,0,0,1,1,1,1,1,1,1,1,1,1,1,0,1,0,0,0,0,0,0,0,0,0,1,0,0,0,0,0,0,0,0,10,10,4,6,2,6,4,162,8,194,502,1224,1040,928,2784,1244,1908,5856,3004,6668,3570,10232,1776,2812,4358,810,1994,252,356,828,192,330,90,432,80,70,1466,186,1146,140,230,28,2,2,4,,,0.0,,0.0,0.0,,0.0,0.0,,,234.0,,6.0,4.0,,2.0,4.0,,,,0.0,0.0,0.0,0.0,0.0,0.0,0.0,,0.0,0.0,,0.0,,,,8.0,4.0,2.0,4.0,6.0,4.0,2.0,,2.0,2.0,,368.0,0.0,,0.0,196.0,,2.0
น้อง - Three Man Down Feat. URBOYTJ _Official MV_,,,,,,,,,0,0,0,0,0,0,0,0,0,0,0,0,0,0,1,1,1,1,1,1,1,1,1,1,1,1,0,1,1,0,0,0,0,0,0,0,0,0,0,0,0,0,0,0,0,6,76,10,18,8,20,60,70,438,414,578,502,660,920,1222,1698,4852,1360,3466,1370,5120,3178,1742,6284,1214,1336,476,982,2300,348,358,114,222,138,184,406,40,50,26,30,414,12,6,8,84,,,0.0,0.0,0.0,0.0,0.0,0.0,0.0,,,672.0,6.0,10.0,6.0,4.0,36.0,6.0,,,,0.0,,0.0,0.0,0.0,0.0,,,0.0,,,1.0,,,,4.0,,2.0,6.0,4.0,2.0,,,2.0,,,3640.0,0.0,0.0,0.0,2.0,2.0,2.0
น้ำตาสุดท้าย,,,,,,,,,0,,0,0,0,0,0,0,0,1,0,1,1,1,1,1,1,1,1,1,1,1,1,1,0,1,1,0,0,0,0,0,0,0,0,0,0,,0,0,,,0,,0,1,,9,3,1,3,7,64,205,755,479,692,645,1830,3830,1450,2754,1279,2115,770,967,4632,936,928,290,1230,1192,271,381,153,92,3,1,2,2,15,1,,1,1,,,1,,1,0.0,0.0,0.0,0.0,0.0,,,0.0,0.0,5.0,47.0,68.0,7.0,1.0,,,1.0,1.0,0.0,0.0,0.0,0.0,0.0,0.0,0.0,0.0,,0.0,0.0,0.0,,0.0,0.0,4.0,5.0,19.0,33.0,6.0,1.0,2.0,2.0,,1.0,1.0,1.0,,1.0,507.0,,0.0,,,1.0,
น้ำหอม,,,,,,,,,0,0,,0,0,0,0,1,1,1,1,1,1,0,1,1,1,1,1,1,1,0,1,0,0,0,0,0,0,0,0,0,,0,,0,,0,,0,,,0,,0,3,4,,12,35,391,223,538,829,531,3128,838,894,407,1543,4527,1157,2347,582,854,670,374,2469,192,162,68,67,214,67,16,1,5,,1,,1,,1,,1,,,1,,1,0.0,0.0,0.0,0.0,,0.0,0.0,0.0,0.0,9.0,54.0,250.0,5.0,,1.0,2.0,2.0,1.0,0.0,0.0,0.0,0.0,0.0,0.0,0.0,,,0.0,,0.0,0.0,0.0,0.0,1.0,7.0,13.0,19.0,4.0,2.0,1.0,,,1.0,,1.0,1.0,2.0,369.0,,,0.0,,,1.0
ปีกแห่งความฝันหรือปีกแห่งความจริง,,,,,,,,,0,0,0,0,0,0,0,0,0,0,0,1,1,1,1,0,1,1,1,1,1,1,1,0,1,0,0,0,0,0,,,,,,,,,,,,,,,,12,70,2,2,2,4,2,2,36,136,304,992,1960,728,1904,576,1238,5798,1208,3596,3494,8048,1238,124,690,48,108,4,2,12,,,,,,,,,,,,,,,,,,,,,,,,,,,,,,,,,,,,,,,,,,,,,,,,,,,,,,,,,,,,,,,,,,,,,
ผิงไฟ,,,,,,,,,0,0,0,,0,0,0,0,0,0,0,0,0,0,1,1,1,1,1,1,1,1,1,1,1,0,1,1,1,0,0,1,0,0,,0,,0,0,,,0,,0,,6,2,6,,4,4,28,86,92,178,658,352,436,462,1092,3210,1232,3560,4162,5982,3692,2412,5678,1830,1228,502,1652,3558,1192,948,870,1280,356,2,,2,,2,2,,,2,,2,,0.0,0.0,0.0,0.0,0.0,0.0,0.0,0.0,0.0,6.0,60.0,454.0,4.0,6.0,2.0,6.0,6.0,2.0,0.0,0.0,0.0,0.0,0.0,,0.0,,0.0,,,0.0,,,0.0,88.0,28.0,10.0,8.0,4.0,,4.0,,2.0,,,2.0,,,758.0,0.0,0.0,0.0,2.0,2.0,2.0
ฝนตกไหม,,,,,,,,,,0,,0,0,0,0,0,0,0,0,0,1,0,1,0,1,1,1,1,1,1,1,1,1,0,1,0,0,0,0,0,0,0,0,0,0,0,0,0,0,0,0,0,0,,2,,6,28,74,82,206,132,200,370,380,1282,890,1704,832,2008,5866,3174,11206,2504,8402,2348,2398,3150,412,1090,108,196,342,118,454,174,488,178,384,84,124,56,12,46,10,66,50,48,,0.0,0.0,0.0,0.0,0.0,0.0,0.0,,,98.0,812.0,2.0,2.0,2.0,2.0,2.0,,,,,0.0,,,,,,,,,,,,,,,2.0,,,,,,,,,,,,,,,,,
ฝันถึงแฟนเก่า,,,,,,,,,,,0,0,0,0,0,0,0,0,1,0,0,0,1,1,1,1,1,1,1,0,1,0,0,0,0,1,0,0,0,0,0,0,0,0,0,0,0,0,0,0,,0,0,,,4,12,26,102,60,238,724,504,1440,488,892,568,1348,9032,3208,10476,4034,6236,1758,880,2812,306,922,82,106,1058,104,282,92,28,134,26,38,50,10,20,8,50,2,4,,4,42,,,,,,,,,0.0,,,,,,,,,16.0,,,,,,,,,0.0,0.0,0.0,0.0,0.0,,,,,,,,,,,6.0,12.0,20.0,10.0,178.0,,,0.0,0.0,,6.0,6.0,
ฝาก,,,,,,,,,,0,,0,0,0,0,0,0,0,0,0,0,1,1,1,1,1,1,1,1,1,1,1,1,1,0,1,0,1,0,0,0,0,0,0,0,0,,0,0,0,0,0,0,,4,,374,16,14,18,56,264,138,704,244,584,1652,1878,3198,1304,1520,1328,2066,9414,4946,10504,2590,4334,1694,512,2774,218,1154,56,96,172,40,54,22,130,22,,8,8,4,4,4,4,0.0,0.0,,,0.0,0.0,,0.0,0.0,2.0,12.0,,,2.0,2.0,,4.0,10.0,0.0,0.0,0.0,0.0,0.0,0.0,0.0,0.0,0.0,0.0,,,,,,128.0,4.0,2.0,4.0,4.0,2.0,4.0,4.0,42.0,6.0,,,,,,0.0,,,4.0,,
พิง,,,,,,,,,0,0,,0,0,0,0,0,0,0,0,0,0,1,0,1,0,1,1,1,1,1,1,1,0,1,0,0,0,0,0,,,,,,,,,,,,,,,1,1,,1,1,26,106,24,299,30,53,85,151,764,284,1065,323,1059,5262,828,5424,1464,4267,1122,236,757,103,301,24,24,52,,,,,,,,,,,,,,,,0.0,0.0,0.0,,,0.0,0.0,,,8.0,126.0,1.0,,,1.0,1.0,,,,0.0,0.0,0.0,0.0,0.0,,,,,,,,,,,2.0,1.0,1.0,2.0,1.0,,,,,,,,,,,,,,
ฟ้า,,,,,,,,,0,0,0,0,0,0,0,0,0,0,0,1,1,1,1,1,1,1,1,1,1,1,1,1,1,0,0,0,0,0,0,0,0,0,0,0,0,0,0,0,0,0,0,0,0,8,8,2,4,12,58,52,136,238,386,770,1552,2338,1266,2124,1804,3320,6676,2160,6076,5026,5758,4544,2090,4412,644,450,406,196,396,54,48,98,76,148,42,54,8,4,8,8,10,14,4,4,0.0,0.0,0.0,0.0,0.0,0.0,0.0,0.0,0.0,4.0,14.0,58.0,16.0,262.0,6.0,4.0,2.0,6.0,,0.0,0.0,0.0,0.0,,0.0,0.0,0.0,0.0,0.0,0.0,,0.0,1.0,,8.0,20.0,14.0,12.0,,2.0,4.0,2.0,2.0,8.0,4.0,,50.0,1668.0,0.0,0.0,0.0,2.0,8.0,10.0
ยอมแค่เธอ,,,,,,,,,0,0,0,0,0,0,0,0,0,0,1,1,1,1,1,1,1,1,1,1,1,1,1,0,0,1,1,1,0,1,0,0,0,0,0,0,0,0,0,0,0,0,0,0,0,5,77,22,14,7,19,32,60,309,270,845,642,1051,2252,867,2064,577,1164,828,533,1365,738,1001,267,456,2083,707,2400,248,923,310,90,466,132,150,51,13,12,5,4,6,14,53,6,2,,0.0,0.0,,,,0.0,0.0,0.0,,1.0,116.0,,,,1.0,14.0,1.0,,,0.0,0.0,0.0,0.0,0.0,0.0,0.0,0.0,0.0,,,,,,,1.0,1.0,1.0,2.0,1.0,2.0,1.0,1.0,17.0,,,,,0.0,,,15.0,,
ยินดีที่ไม่รู้จัก,,,,,,,,,,0,,0,0,0,0,0,0,0,0,1,0,1,1,1,0,0,1,1,1,1,1,1,1,1,0,1,0,1,1,1,1,0,0,1,0,0,0,1,0,0,0,0,0,,2,,14,4,28,456,58,470,180,316,848,448,1690,1206,2132,758,770,2190,2058,3290,1498,2324,2198,1032,1456,810,2008,584,830,2960,1092,1416,346,406,1780,462,150,134,850,88,54,142,72,184,,0.0,0.0,0.0,0.0,0.0,0.0,0.0,,,42.0,778.0,2.0,2.0,2.0,2.0,2.0,,,0.0,0.0,,,,,,0.0,,,,,,,,4.0,4.0,,,,,,26.0,,,,,,,,,,,,
รอสายรุ้ง,,,,,,,,,0,0,0,0,0,0,0,0,0,0,0,0,0,0,1,1,1,1,1,1,1,1,1,1,0,0,1,0,0,0,1,0,0,0,0,0,0,0,0,0,0,0,0,0,,4,6,54,10,12,10,30,68,92,286,324,700,382,522,5126,1192,4254,1950,5288,1792,1282,8044,1516,2320,566,894,5162,434,766,440,1390,42,62,176,46,74,164,260,92,14,86,52,754,2,,0.0,0.0,0.0,0.0,0.0,0.0,0.0,0.0,0.0,28.0,88.0,128.0,16.0,8.0,4.0,4.0,6.0,2.0,0.0,0.0,0.0,0.0,0.0,0.0,0.0,0.0,,0.0,0.0,0.0,0.0,,0.0,68.0,20.0,16.0,36.0,18.0,4.0,6.0,4.0,,2.0,2.0,2.0,2.0,,778.0,0.0,0.0,0.0,2.0,2.0,28.0
ระหว่างทาง,,,,,,,,,0,0,0,0,0,0,0,0,1,0,1,1,1,1,1,1,1,1,1,1,1,0,0,0,0,0,0,0,0,0,0,0,0,0,0,,0,0,0,0,,,,,,4,2,2,4,2,20,258,254,868,448,1374,2538,2678,5712,2410,2454,1586,2716,7042,1330,1510,280,424,110,32,86,4,26,4,6,4,8,30,4,4,,4,2,2,84,,,,,,,0.0,0.0,0.0,0.0,0.0,0.0,0.0,,,86.0,508.0,2.0,2.0,10.0,6.0,158.0,,,,,0.0,0.0,0.0,0.0,0.0,,,,,,,,,,,2.0,2.0,8.0,4.0,6.0,,,,,,,,,,,,,
รัก 2 ขีด,,,,,,,,,,0,,0,0,0,0,0,0,0,0,0,0,1,1,1,1,1,1,1,1,1,1,1,1,1,0,1,0,1,0,0,0,0,0,0,0,0,0,0,0,0,0,,0,,1,,1,4,39,100,144,171,170,296,124,207,1070,415,2303,721,1151,803,466,1223,793,3339,505,885,1730,299,805,328,1010,251,100,52,20,52,28,36,25,17,12,11,9,2,,19,0.0,0.0,0.0,,0.0,0.0,0.0,0.0,,3.0,1.0,137.0,,1.0,1.0,1.0,1.0,,,,0.0,0.0,,,,,,,,,,,,,,2.0,1.0,,,,,,,,,,,,,,,,,
รักแรกพบ,,,,,,,,,0,0,0,0,0,0,0,0,0,1,0,1,1,1,1,1,1,1,1,1,1,1,0,1,1,0,0,0,0,0,0,0,0,0,0,0,,0,0,,0,,0,,0,14,20,8,14,88,402,490,806,750,1772,728,1966,4586,1580,4494,2998,6008,4068,4240,7434,1794,2460,658,1090,1230,400,408,72,84,22,64,40,104,24,72,14,,2,2,,2,,2,,2,,0.0,0.0,,0.0,0.0,0.0,0.0,0.0,,6.0,646.0,,2.0,2.0,6.0,94.0,2.0,,,,0.0,0.0,0.0,,0.0,,0.0,,0.0,,0.0,0.0,,,,4.0,2.0,6.0,,2.0,,2.0,,4.0,,2.0,272.0,0.0,0.0,,2.0,2.0,
รัจานาคราสขยววาทีเอกหพะครืาวยงลบย่เ~ก้ตยบะออบงแกกกึเรายงยบนาท้เยยวงบนสมนตกรัก,,,,,,,,,0,0,0,0,,0,0,0,0,0,1,1,1,1,1,1,1,1,1,0,1,0,0,1,0,1,0,0,0,0,0,0,0,0,0,0,0,0,0,,0,0,0,0,0,2,4,2,2,,116,448,830,808,654,2640,5540,2270,6134,1824,2524,1916,2418,5252,782,980,206,762,1392,474,944,220,528,146,18,16,18,8,10,6,6,4,2,6,,16,2,4,2,28,,0.0,0.0,,,0.0,0.0,0.0,0.0,,6.0,76.0,,,4.0,4.0,2.0,4.0,,,,0.0,0.0,0.0,,0.0,,0.0,,0.0,,,1.0,,,,4.0,4.0,2.0,,2.0,,2.0,,2.0,,,1804.0,0.0,0.0,0.0,2.0,2.0,2.0
รู้สึกเหลือเกินว่าตัวเองกึดเติงหาคนงามใจดีผิวขาวตาวาวเท่ากับคิดถึงดอยสุเทพ,,,,,,,,,0,0,0,0,0,0,0,0,1,1,1,1,1,1,1,1,1,1,1,0,1,1,1,1,1,1,0,0,1,0,0,0,0,0,0,0,0,,,,,,,,,10,162,2,10,72,350,258,196,812,3060,2382,3184,1166,2998,1574,1574,5340,1448,1612,440,842,1590,970,2130,1254,790,408,258,812,242,668,6,12,44,2,12,34,,,,,,,,,,0.0,1.0,0.0,0.0,0.0,0.0,0.0,,,20.0,1366.0,6.0,4.0,10.0,8.0,8.0,,,,,0.0,0.0,0.0,0.0,0.0,,,,,,,,,,,6.0,8.0,6.0,4.0,6.0,,,,,,,,,,,,,
ร่มสีเทา,,,,,,,,,0,0,0,0,0,0,0,0,0,0,0,1,1,1,1,1,1,1,1,1,1,1,1,1,1,0,1,0,0,0,0,0,0,0,0,0,0,0,0,0,0,0,0,0,0,10,9,38,39,60,76,71,113,110,227,251,615,1603,573,1909,948,1523,871,739,2780,701,1346,609,730,2489,362,1618,257,349,86,49,13,12,28,49,15,11,29,32,15,16,17,34,2,21,0.0,0.0,0.0,0.0,0.0,0.0,0.0,0.0,0.0,2.0,78.0,186.0,4.0,2.0,2.0,2.0,3.0,1.0,0.0,0.0,0.0,0.0,0.0,0.0,0.0,0.0,,0.0,0.0,0.0,0.0,0.0,1.0,19.0,3.0,11.0,13.0,5.0,4.0,4.0,2.0,,1.0,1.0,1.0,1.0,1.0,515.0,0.0,,0.0,1.0,,3.0
ร้องไห้,,,,,,,,,0,0,0,0,0,0,0,0,0,0,1,1,1,1,1,1,1,1,1,1,1,1,1,1,0,1,1,0,1,0,0,0,0,0,0,0,0,0,0,0,0,,0,,0,22,90,18,36,50,62,202,218,940,870,1510,2014,1084,1552,2668,1442,2994,2620,3522,2064,4648,5704,2154,2722,764,2266,2036,838,1142,742,66,16,20,10,20,10,6,6,14,4,4,,4,,4,0.0,0.0,0.0,0.0,0.0,0.0,0.0,0.0,0.0,26.0,164.0,350.0,58.0,2.0,2.0,2.0,6.0,2.0,0.0,0.0,0.0,0.0,,,,0.0,0.0,0.0,0.0,0.0,0.0,,,188.0,16.0,28.0,54.0,,,,4.0,4.0,2.0,2.0,4.0,48.0,,,,,,,,
ฤดูกาล,,,,,,,,,0,0,0,0,0,0,0,0,0,0,0,0,0,1,0,0,0,1,1,1,1,1,1,1,1,1,1,1,0,1,1,0,,,,,,,,,,,,,,4,4,2,34,8,60,332,46,310,110,736,282,216,1554,714,876,482,3382,4416,2310,3060,2196,3676,1816,3268,11086,1668,4756,524,3404,1680,10,,,,,,,,,,,,,,0.0,0.0,0.0,0.0,0.0,0.0,,0.0,,8.0,92.0,104.0,6.0,8.0,2.0,,10.0,,0.0,0.0,0.0,0.0,0.0,0.0,0.0,0.0,,,,,,,,16.0,10.0,30.0,6.0,2.0,50.0,2.0,6.0,,,,,,,,,,,,,
ฤดูกาล (1),,,,,,,,,0,0,0,0,0,0,0,0,1,1,1,1,1,1,1,1,1,1,1,1,1,1,1,0,0,0,0,0,0,0,0,0,0,0,0,0,0,0,0,,0,,0,0,,20,40,14,30,128,36,114,250,1654,3812,2334,4056,1964,3718,3472,2224,13258,1670,5084,1340,3116,2696,1782,1016,174,440,114,112,20,48,74,32,26,70,16,6,46,14,2,,2,,2,2,,0.0,0.0,0.0,0.0,0.0,,0.0,0.0,0.0,2.0,2.0,218.0,2.0,2.0,,2.0,14.0,4.0,0.0,0.0,,,,0.0,,0.0,,0.0,,0.0,0.0,,0.0,12.0,2.0,,,,2.0,,2.0,,2.0,,2.0,2.0,,756.0,0.0,0.0,0.0,2.0,2.0,2.0
ฤดูฝน,,,,,,,,,0,0,0,0,0,0,0,0,1,1,1,1,1,1,1,1,1,1,1,1,1,1,1,0,0,0,0,0,,0,,0,0,,0,0,,0,0,,0,,0,0,,6,4,6,62,24,32,54,176,2390,1752,6692,2134,3492,2036,4366,7678,2336,5564,1720,3168,1800,1930,4970,504,362,58,26,8,,2,,2,2,,2,2,,2,2,,2,,2,2,,0.0,0.0,0.0,0.0,0.0,0.0,0.0,0.0,0.0,2.0,30.0,632.0,2.0,6.0,4.0,2.0,4.0,4.0,0.0,0.0,0.0,0.0,0.0,0.0,0.0,0.0,,0.0,,0.0,0.0,,0.0,6.0,6.0,2.0,8.0,4.0,4.0,6.0,6.0,,2.0,,2.0,2.0,,966.0,0.0,0.0,0.0,2.0,2.0,8.0
ฤดูร้อน,,,,,,,,,0,0,0,0,0,0,0,0,0,0,0,1,1,0,1,1,1,1,1,1,1,1,1,1,1,0,0,0,0,1,0,0,0,0,0,0,0,0,0,0,0,0,,,,36,26,28,18,32,70,112,156,356,782,722,1360,1384,760,1810,1236,5006,9372,2272,2602,1984,4454,1072,1308,3126,446,338,166,162,958,206,192,332,890,206,238,416,78,164,124,32,126,,,,0.0,0.0,0.0,0.0,0.0,0.0,0.0,0.0,,14.0,74.0,626.0,30.0,108.0,94.0,178.0,26.0,,0.0,0.0,0.0,0.0,0.0,0.0,0.0,0.0,,,,,,,,106.0,10.0,12.0,56.0,16.0,32.0,458.0,50.0,,,,,,,,,,,,,
ลูกอม,,,,,,,,,0,0,0,0,0,0,0,0,0,0,1,0,1,1,1,1,1,1,1,1,1,1,1,1,1,1,1,0,0,1,0,0,0,0,0,0,0,0,0,0,0,0,,0,,11,19,23,29,86,50,46,129,136,313,742,354,815,519,1517,1625,869,1796,874,1685,1103,1535,3478,624,1755,1004,1375,287,219,1169,19,15,7,7,14,14,101,5,1,1,3,16,,1,,0.0,0.0,0.0,0.0,0.0,0.0,0.0,0.0,0.0,1.0,14.0,207.0,3.0,8.0,4.0,5.0,14.0,1.0,0.0,0.0,0.0,0.0,0.0,0.0,0.0,0.0,,0.0,0.0,,0.0,0.0,0.0,5.0,3.0,3.0,5.0,8.0,3.0,5.0,6.0,,1.0,1.0,,1.0,1.0,54.0,,,,,,
วงวน - SERIOUS BACON ( ORIGINAL by ONEONE ),,,,,,,,,0,0,0,0,0,0,0,0,0,0,0,0,0,0,0,0,1,0,1,1,1,1,0,1,1,1,1,1,1,1,0,1,0,0,0,0,0,0,0,,,,,,,2,16,4,2,4,2,10,152,20,18,88,158,1078,278,982,466,1238,844,1182,9226,1548,5946,862,2760,9112,1244,7580,1138,4276,2068,174,1932,64,556,76,80,92,20,2,,,,,,,,,0.0,0.0,0.0,0.0,0.0,0.0,,,,860.0,2.0,4.0,4.0,2.0,4.0,,,,0.0,0.0,0.0,,0.0,0.0,,,,,,,,,,2.0,2.0,2.0,,2.0,2.0,,,,,,,,,,,,,
วัดใจ,,,,,,,,,,0,0,,0,0,0,0,0,0,1,1,0,0,0,1,1,1,1,0,1,1,1,1,1,1,1,1,0,0,1,0,0,0,0,0,0,0,0,1,0,0,0,0,0,,2,2,,2,18,552,110,304,380,1664,1758,514,502,596,1402,1518,2134,2612,858,2034,1254,4718,7366,1696,5480,1456,3988,812,334,1830,188,330,98,272,254,106,274,194,1560,364,638,928,24,102,,0.0,0.0,0.0,,0.0,,0.0,,,4.0,56.0,2.0,,2.0,,2.0,,,,,0.0,0.0,0.0,0.0,0.0,,,,,,,,,,,4.0,2.0,2.0,2.0,2.0,,,,,,,,,,,,,
วันนี้ปีที่แล้ว,,,,,,,,,,,,,,,,0,0,0,0,0,0,0,0,1,1,1,1,1,1,1,1,1,1,1,0,1,1,0,1,0,0,0,0,0,0,0,,0,0,0,0,,,,,,,,,,9,259,36,59,454,56,219,376,880,2826,760,2843,868,3231,2337,576,2984,496,1161,169,513,825,15,605,69,280,21,9,15,1,1,,1,1,1,1,,,,,,,,,,,0.0,,,,,,,,,2.0,,,,,,,,,,0.0,0.0,,0.0,,0.0,,,,,,,,,,1.0,1.0,,1.0,,386.0,0.0,0.0,0.0,1.0,1.0,4.0
วันสบาย,,,,,,,,,0,0,0,,0,0,0,0,0,0,0,1,0,1,1,1,1,1,1,1,1,1,1,1,1,0,1,1,0,0,1,0,0,0,,0,0,0,0,0,0,0,0,0,0,4,4,2,,4,4,6,248,76,610,580,1742,762,1504,2612,1326,2444,2592,5758,5764,2826,3984,2282,3958,1686,1022,3120,1970,1040,840,1338,1012,174,2,,4,4,2,2,4,2,2,4,2,8,,0.0,0.0,,0.0,0.0,0.0,0.0,0.0,,36.0,508.0,,8.0,6.0,2.0,4.0,4.0,,,,0.0,0.0,,0.0,,0.0,,0.0,0.0,0.0,0.0,0.0,,,,6.0,8.0,,2.0,,4.0,,2.0,6.0,26.0,30.0,38.0,0.0,0.0,,4.0,2.0,
วันแล้ววันเล่า,,,,,,,,,0,0,0,0,0,0,0,0,0,0,1,1,1,1,1,1,1,1,1,1,1,1,1,1,1,1,0,0,0,0,0,0,0,0,0,0,0,0,0,0,,0,,0,,92,86,52,122,52,256,184,254,456,1012,3954,2180,2940,2806,3288,5622,2404,5150,3068,4258,7364,3518,5730,3470,2512,2420,492,494,274,116,110,78,182,102,80,80,770,8,2,2,,2,,2,,0.0,0.0,0.0,0.0,0.0,0.0,0.0,0.0,0.0,8.0,62.0,266.0,14.0,30.0,50.0,22.0,46.0,4.0,0.0,0.0,0.0,0.0,0.0,0.0,0.0,0.0,,,0.0,0.0,,,0.0,158.0,4.0,14.0,14.0,26.0,52.0,32.0,144.0,,,2.0,2.0,,,638.0,0.0,0.0,0.0,2.0,2.0,2.0
วาฬเกยตื้น,,,,,,,,,0,0,,0,,0,0,0,0,0,0,1,1,0,1,1,1,1,1,1,1,1,1,1,0,0,1,0,0,0,0,0,0,0,0,0,0,0,0,0,0,0,0,0,,2,2,,2,,2,6,72,152,536,462,1190,908,874,4428,1418,4658,1518,3072,8366,1324,5770,1512,3294,744,338,1464,228,460,84,194,82,32,154,182,66,24,32,24,18,152,104,478,2,,0.0,0.0,0.0,,,,,,0.0,2.0,2.0,238.0,,,,,,4.0,0.0,0.0,,0.0,0.0,0.0,0.0,0.0,,0.0,,0.0,0.0,0.0,0.0,24.0,2.0,,2.0,2.0,2.0,2.0,2.0,,2.0,,2.0,2.0,2.0,490.0,0.0,,0.0,2.0,,2.0
สถานีดวงจันทร์,,,,,,,,,0,0,0,0,0,0,0,0,1,0,0,0,1,1,1,1,1,1,1,1,1,1,1,1,1,1,1,0,1,1,0,0,0,0,0,0,0,0,0,0,0,0,0,0,0,2,3,1,1,49,56,117,262,482,452,454,441,649,513,1029,471,1090,2761,871,1979,1362,1898,595,718,1981,630,1199,365,971,1149,82,27,17,14,15,66,14,12,8,26,23,95,41,8,3,0.0,0.0,0.0,0.0,0.0,0.0,0.0,0.0,0.0,3.0,23.0,70.0,1.0,2.0,2.0,4.0,2.0,1.0,0.0,0.0,0.0,0.0,0.0,0.0,,0.0,0.0,0.0,0.0,0.0,0.0,0.0,0.0,11.0,1.0,6.0,2.0,1.0,3.0,,2.0,2.0,1.0,3.0,1.0,1.0,17.0,8.0,0.0,0.0,0.0,2.0,2.0,29.0
สลักจิต,,,,,,,,,,,,,,,0,0,0,0,0,0,0,0,1,0,1,0,1,1,1,1,1,1,0,0,1,0,0,0,0,0,0,1,0,0,0,0,0,0,,,,,,,,,,,,4,14,82,37,65,130,109,197,956,395,671,361,1494,4625,2137,7651,1284,2296,447,266,1317,108,403,72,96,256,68,687,144,48,5,16,1,10,,,,,,,,,,,,,,,,,,,,,,,,,,,,,,,,,,,,,,,,,,,,,,,,,,,,,,,,,,,
สองรัก,,,,,,,,,0,0,,0,0,0,0,0,0,0,0,0,1,1,1,1,1,1,1,1,1,1,1,1,1,0,0,0,0,0,0,0,0,0,0,0,0,0,0,0,,,,,,6,8,,4,6,192,38,124,290,358,908,570,1928,1222,2902,2036,2826,7916,2020,3328,2020,6844,4460,1068,4012,446,674,266,468,462,160,74,94,44,36,46,366,6,12,6,,,,,,,0.0,0.0,0.0,0.0,0.0,0.0,0.0,,,34.0,382.0,6.0,4.0,4.0,4.0,4.0,,,,,0.0,0.0,0.0,0.0,0.0,,,,,,,,,,,2.0,2.0,4.0,2.0,4.0,,,,,,,,,,,,,
สารตั้งต้นแห่งรอยยิ้ม,,,,,,,,,0,0,0,0,0,0,0,0,0,1,1,1,1,0,1,1,1,1,1,1,0,1,1,0,1,0,0,0,0,0,0,,0,0,,0,,0,,0,0,,0,0,,12,16,4,12,54,256,118,438,774,2124,10098,2120,3176,1014,3316,8320,3240,6776,3068,4198,706,1966,3518,672,1450,22,12,56,10,22,14,,2,2,,2,,2,,2,2,,2,2,,,0.0,0.0,0.0,0.0,0.0,0.0,0.0,0.0,,8.0,506.0,4.0,2.0,2.0,4.0,6.0,2.0,,,,,0.0,0.0,0.0,0.0,,0.0,0.0,0.0,,,0.0,,,,,2.0,2.0,36.0,6.0,,2.0,2.0,2.0,,,540.0,,0.0,0.0,,2.0,4.0
สีของฟ้า,,,,,,,,,0,0,0,0,0,0,0,0,0,0,0,0,1,1,1,1,1,1,1,1,1,1,0,1,1,0,1,0,1,0,0,0,0,0,0,0,0,0,0,0,0,0,0,0,0,2,2,2,2,10,92,136,734,414,442,286,614,4678,1126,3008,1962,7282,3042,1878,5162,1214,2052,520,964,3242,828,1026,368,1334,342,48,192,22,56,110,76,12,24,8,8,4,14,72,8,74,0.0,0.0,0.0,0.0,0.0,0.0,0.0,0.0,,18.0,24.0,298.0,16.0,10.0,2.0,4.0,2.0,,0.0,0.0,0.0,0.0,0.0,0.0,0.0,0.0,,,,,,,,194.0,26.0,36.0,36.0,4.0,2.0,2.0,2.0,,,,,,,,,,,,,
หน้าหนาวที่แล้ว,,,,,,,,,0,0,,0,0,0,0,0,0,0,0,0,0,1,1,1,1,1,1,1,1,1,1,1,1,0,1,0,0,0,0,0,0,0,0,0,,0,0,0,0,0,,0,,4,4,,32,80,48,70,122,886,598,322,510,550,1520,2754,1650,4914,2238,2718,7732,1846,8542,2536,5392,1316,760,4434,252,332,150,112,116,2,12,8,28,,6,16,18,8,2,,2,,0.0,0.0,0.0,0.0,0.0,,0.0,,0.0,4.0,12.0,186.0,2.0,2.0,,4.0,,2.0,0.0,,0.0,0.0,0.0,0.0,0.0,0.0,,,0.0,,0.0,,0.0,84.0,,2.0,2.0,2.0,2.0,4.0,2.0,,,2.0,,2.0,,258.0,0.0,,0.0,2.0,,2.0
อนันตกาล,,,,,,,,,0,0,0,0,0,0,0,1,1,1,1,1,1,1,1,1,1,1,1,1,1,1,0,1,1,0,1,0,0,0,0,0,0,0,0,0,0,0,0,0,0,0,0,0,0,130,4,12,22,50,74,490,1632,1156,2096,1200,1388,5792,1384,4918,1534,4204,1496,1218,3870,934,1814,680,3052,1816,474,1570,400,410,442,564,264,178,132,134,46,58,46,6,22,8,70,36,4,14,,,,,,,,,,,,,,,,,,,,,,,,,,,0.0,0.0,,0.0,0.0,0.0,0.0,,,,,,,,,2.0,2.0,,2.0,2.0,2.0,280.0,0.0,,0.0,2.0,,8.0
อยู่ต่อเลยได้ไหม,,,,,,,,,,0,,0,0,0,0,0,0,0,0,0,1,1,1,1,1,1,1,1,1,1,1,1,1,1,1,0,1,0,0,0,0,0,0,0,0,0,,0,0,0,0,,0,,2,,2,4,4,14,4,70,172,486,900,2070,1824,2688,2310,3396,6516,2800,3848,3054,3398,1414,1104,4118,1094,1114,518,1320,284,108,50,60,240,8,12,38,4,,4,2,4,4,,16,,0.0,0.0,,0.0,0.0,0.0,0.0,,,22.0,64.0,,2.0,2.0,2.0,2.0,,,0.0,0.0,0.0,,,,,0.0,0.0,0.0,,0.0,0.0,,,4.0,2.0,2.0,,,,,4.0,2.0,4.0,,2.0,34.0,,0.0,0.0,0.0,2.0,2.0,26.0
อุ่นไอของเปลวไฟ,,,,,,,,,0,0,0,0,0,0,0,0,0,0,0,0,1,0,0,0,1,1,1,1,1,1,1,1,1,0,1,0,0,0,0,1,0,0,0,,0,0,0,,0,,0,0,,12,10,8,36,144,40,60,594,322,142,226,390,1032,522,736,698,1584,1874,3154,5272,2362,5936,2304,8110,2244,538,1362,120,120,70,692,1916,10,30,14,,2,2,2,,2,,2,2,,0.0,0.0,0.0,0.0,0.0,0.0,0.0,0.0,0.0,26.0,254.0,160.0,44.0,22.0,50.0,12.0,10.0,4.0,0.0,0.0,0.0,0.0,0.0,0.0,0.0,0.0,0.0,,,0.0,0.0,0.0,0.0,272.0,72.0,38.0,66.0,32.0,8.0,6.0,6.0,2.0,,,2.0,2.0,6.0,670.0,0.0,,0.0,2.0,,10.0
อ้าว,,,,,,,,,0,0,0,0,0,0,0,0,0,0,0,1,1,1,1,1,1,1,1,1,1,1,1,1,1,0,0,0,0,0,0,0,0,0,0,0,0,0,,,,,,,,8,14,4,8,9,13,32,39,68,169,428,688,1482,900,1426,1489,1627,3160,2121,2560,1318,2489,1653,620,1992,167,249,33,7,25,12,21,15,8,4,8,88,4,,,,,,,,0.0,0.0,0.0,0.0,0.0,0.0,0.0,0.0,,1.0,13.0,167.0,1.0,1.0,1.0,1.0,14.0,,0.0,0.0,0.0,0.0,0.0,0.0,0.0,0.0,,,,,,,,20.0,2.0,1.0,2.0,1.0,1.0,1.0,3.0,,,,,,,,,,,,,
เกิดมาแค่รักกัน,,,,,,,,,0,0,0,0,0,0,0,0,0,0,0,0,1,1,1,1,1,1,1,1,1,1,1,0,1,0,0,0,0,1,0,0,0,0,0,0,0,0,0,0,0,0,0,0,0,5,4,16,22,7,130,103,299,162,400,410,460,1947,655,1434,711,1038,2832,669,2336,824,2681,2749,438,1956,184,199,144,471,1102,100,199,49,212,137,187,19,14,8,64,81,102,189,335,24,0.0,0.0,0.0,0.0,0.0,0.0,,0.0,0.0,2.0,29.0,111.0,3.0,8.0,1.0,,3.0,90.0,,0.0,0.0,0.0,0.0,0.0,0.0,0.0,0.0,0.0,0.0,0.0,0.0,0.0,0.0,,2.0,6.0,8.0,5.0,2.0,3.0,3.0,173.0,19.0,10.0,1.0,11.0,1.0,540.0,0.0,0.0,0.0,25.0,8.0,9.0
เกินปุยมุ้ย,,,,,,,,,0,0,,0,,0,0,0,0,0,0,0,0,0,0,0,1,1,1,1,1,1,1,1,1,1,1,1,0,1,0,1,0,0,0,0,0,0,0,0,0,0,0,0,0,1,3,,2,,2,4,7,3,13,147,19,11,20,78,192,437,815,579,704,783,1214,3624,1097,2437,1386,1983,396,235,1285,297,384,82,115,189,93,106,13,3,5,7,57,25,2,26,,0.0,0.0,0.0,,0.0,0.0,0.0,0.0,,3.0,256.0,2.0,,2.0,2.0,1.0,1.0,,,,0.0,0.0,0.0,,,,,,,,,,,,,1.0,2.0,2.0,,,,,,,,,,,,,,,
เจอกันเพราะตอบกลับสตอรี่,,,,,,,,,0,0,0,0,0,0,0,1,1,1,1,1,1,1,1,1,1,0,1,1,1,1,1,1,0,0,1,0,0,0,0,0,0,0,0,,,,,,,,,,,8,10,20,6,76,102,366,2764,2354,3922,4000,5942,2170,1630,8328,2462,4900,880,1526,1388,2176,6254,1260,1398,586,970,1502,100,70,30,70,58,2,10,16,,,,,,,,,,,0.0,0.0,0.0,0.0,0.0,0.0,,0.0,,6.0,40.0,238.0,2.0,2.0,2.0,,92.0,,0.0,0.0,0.0,0.0,,,0.0,,,,,,,,,40.0,14.0,24.0,8.0,,,2.0,,,,,,,,,,,,,,
เจ้าสาวไฉไล,,,,,,,,,0,0,0,0,0,0,0,0,0,0,1,1,1,1,1,1,1,1,1,1,1,1,1,1,1,1,1,0,0,0,0,0,0,0,0,0,0,0,0,0,0,0,0,0,0,18,16,44,30,40,50,318,288,350,772,1180,1498,1244,2316,6538,3902,7014,4510,4986,2106,1656,3256,1164,1534,1398,1786,1548,126,56,74,22,24,12,12,14,78,8,12,6,10,8,10,10,8,22,0.0,0.0,0.0,0.0,0.0,0.0,0.0,0.0,0.0,6.0,44.0,496.0,10.0,4.0,4.0,2.0,22.0,50.0,0.0,0.0,0.0,0.0,,0.0,0.0,0.0,0.0,0.0,0.0,0.0,0.0,0.0,0.0,158.0,16.0,18.0,10.0,,4.0,2.0,14.0,62.0,174.0,186.0,726.0,656.0,420.0,378.0,0.0,0.0,0.0,198.0,1020.0,684.0
เดินทางไกล,,,,,,,,,0,0,,0,0,0,0,0,0,0,1,1,1,1,1,1,1,1,1,1,1,1,1,1,1,1,0,0,0,0,,,,,,,,,,,,,,,,2,2,,4,22,26,46,304,596,362,1236,1884,860,1178,1266,3936,5796,2274,2176,1660,3148,2026,2598,4916,1210,1316,358,614,390,14,,,,,,,,,,,,,,,,,0.0,0.0,0.0,0.0,0.0,0.0,0.0,,,162.0,300.0,8.0,4.0,4.0,4.0,2.0,,,,0.0,0.0,0.0,0.0,0.0,0.0,,,,,,,,,,2.0,14.0,14.0,2.0,2.0,4.0,,,,,,,,,,,,,
เธอ,,,,,,,,,,,,,0,0,0,0,0,0,0,0,0,0,0,1,1,1,1,1,1,1,1,1,1,1,0,1,1,0,0,0,0,0,0,1,0,0,0,0,0,0,0,0,0,,,,,2,12,1,9,45,114,246,422,241,414,476,1176,3396,887,3435,963,2728,762,1178,3241,680,929,337,680,1033,203,153,165,342,107,325,745,59,31,67,90,13,3,48,3,21,,,,,,,,,0.0,,,,,,,,,29.0,,,,,,,,,0.0,0.0,0.0,0.0,0.0,0.0,1.0,,,,,,,,,13.0,17.0,1.0,1.0,1.0,1.0,811.0,0.0,,0.0,1.0,,1.0
เธอยัง,,,,,,,,,0,0,0,0,0,0,0,0,0,0,0,1,0,1,1,1,1,1,1,1,1,1,1,1,0,0,0,0,0,0,0,0,0,0,0,0,0,0,0,,0,,0,0,,67,30,5,5,12,39,84,108,121,507,287,1130,389,610,3813,957,1493,898,3180,5455,1369,4427,774,1689,407,205,511,29,13,12,8,6,6,29,35,49,9,1,1,,1,,1,1,,,,,,,,,0.0,0.0,,,,,,,,13.0,2.0,,,,,,,,,,0.0,,0.0,0.0,,0.0,,,,,,,,,,1.0,,1.0,1.0,,350.0,0.0,0.0,0.0,1.0,1.0,2.0
เพลงรักเพลงแรก,,,,,,,,,0,0,0,0,0,0,0,0,0,0,0,0,0,0,0,0,1,0,0,0,0,1,1,1,1,1,1,1,1,1,0,1,0,0,0,0,0,0,0,0,0,0,0,0,0,3,10,3,3,2,3,2,2,27,62,23,21,150,309,232,269,519,140,377,341,446,909,1275,1023,5030,1864,3307,1376,3048,1976,443,959,212,37,19,61,33,16,3,15,7,12,18,85,71,0.0,0.0,0.0,0.0,0.0,0.0,0.0,0.0,0.0,11.0,46.0,143.0,9.0,5.0,2.0,2.0,3.0,3.0,0.0,0.0,0.0,0.0,0.0,0.0,0.0,0.0,0.0,0.0,0.0,0.0,,,1.0,60.0,12.0,16.0,27.0,23.0,4.0,2.0,2.0,8.0,4.0,1.0,1.0,,,632.0,,0.0,0.0,,1.0,2.0
เพียงฤดู,,,,,,,,,0,0,0,0,0,0,0,0,0,0,1,0,1,1,1,1,1,1,1,1,1,1,1,0,1,0,0,0,0,0,0,0,0,0,0,0,0,0,0,0,0,0,0,0,0,4,2,22,40,14,6,6,12,92,298,1174,412,3068,1128,3536,7640,1654,4080,2590,7736,3604,2894,6136,808,2296,172,714,796,32,116,12,26,372,170,106,64,34,34,6,20,106,32,54,124,142,0.0,0.0,0.0,0.0,0.0,0.0,0.0,0.0,0.0,8.0,18.0,14.0,6.0,4.0,4.0,6.0,4.0,24.0,0.0,0.0,0.0,0.0,0.0,0.0,0.0,0.0,0.0,0.0,,0.0,0.0,0.0,0.0,28.0,2.0,14.0,2.0,4.0,4.0,4.0,2.0,72.0,2.0,,2.0,2.0,2.0,228.0,,,0.0,,,2.0
เล่นของสูง,,,,,,,,,,0,0,0,0,0,0,0,0,0,0,0,0,0,1,0,0,0,1,1,1,1,1,1,1,1,1,0,1,0,0,0,0,0,0,0,0,0,0,0,0,0,0,0,0,,12,10,8,2,12,130,564,854,334,242,292,398,456,1362,644,870,944,2678,7104,2390,6270,2036,4408,3464,1752,6800,822,3072,144,188,66,48,46,42,202,220,72,166,20,166,2,2,8,10,,0.0,0.0,,0.0,0.0,0.0,0.0,0.0,,4.0,40.0,,2.0,2.0,2.0,2.0,24.0,,,,0.0,,,,,,,,,,,,,,,2.0,,,,,,,,,,,,,,,,,
เวทีดาว,,,,,,,,,0,0,0,0,0,0,0,0,0,0,1,1,1,1,1,1,1,1,1,1,0,0,0,0,0,0,0,0,0,0,0,0,0,0,0,0,0,0,0,0,0,0,0,0,0,14,32,76,126,188,282,368,318,436,692,4614,1906,4906,2086,6418,10792,2748,5178,1966,1842,348,280,462,66,152,102,176,358,56,158,48,174,12,20,48,8,26,6,8,6,10,4,12,2,52,0.0,0.0,0.0,0.0,0.0,0.0,0.0,0.0,0.0,18.0,66.0,180.0,198.0,76.0,84.0,8.0,154.0,2.0,0.0,0.0,0.0,0.0,0.0,0.0,0.0,0.0,0.0,0.0,0.0,0.0,0.0,0.0,0.0,64.0,22.0,18.0,34.0,264.0,116.0,16.0,10.0,2.0,2.0,2.0,2.0,2.0,34.0,42.0,0.0,0.0,0.0,2.0,12.0,32.0
เส้นบางๆ,,,,,,,,,0,0,0,0,0,0,0,0,0,0,0,1,1,1,1,1,1,1,1,1,0,1,1,1,1,1,1,0,1,0,0,0,0,0,0,0,0,0,0,0,0,0,0,0,0,3,4,6,5,44,53,90,308,67,182,400,1086,1821,737,1705,897,1485,1818,1325,2483,496,815,802,1798,3053,913,1926,478,1006,535,19,31,13,9,55,62,53,24,17,42,9,12,13,5,9,,0.0,0.0,0.0,0.0,0.0,0.0,0.0,0.0,,21.0,95.0,19.0,7.0,3.0,2.0,2.0,31.0,,,0.0,0.0,0.0,,,0.0,0.0,0.0,0.0,0.0,0.0,0.0,0.0,,,4.0,14.0,18.0,,,1.0,141.0,11.0,3.0,2.0,3.0,14.0,52.0,0.0,0.0,0.0,3.0,4.0,1.0
เอาปากกามาวง,,,,,,,,,0,0,0,0,,0,0,0,0,0,0,0,0,0,0,0,0,1,1,1,1,1,1,1,1,1,1,1,1,1,0,0,0,0,0,0,0,0,0,0,0,0,0,0,0,5,7,1,2,,1,1,2,3,24,93,31,100,117,204,129,176,675,680,1141,611,757,1948,902,3172,1887,3130,1016,496,1908,280,113,57,75,64,76,116,100,20,21,13,36,13,12,37,,,,,,,,0.0,0.0,,,,,,,,4.0,62.0,,,,,,,,,0.0,0.0,0.0,0.0,0.0,0.0,0.0,,,,,,,,,54.0,3.0,2.0,11.0,1.0,1.0,37.0,0.0,0.0,0.0,2.0,2.0,2.0
แก่จนป่านนี้คงเป็นไอ้ต้าวต่อไปวอนขอเพียงเธอแค่หางตา,,,,,,,,,0,0,0,0,0,0,0,0,0,0,1,1,1,1,1,1,1,1,1,1,1,1,1,1,1,1,0,0,0,0,0,0,,0,,0,,0,0,,,0,,0,,8,10,4,14,16,18,68,88,162,490,1502,2386,2190,2146,1396,5042,15626,3872,4408,2706,4058,1194,1444,4028,1632,2316,184,138,78,42,8,2,,2,,2,,2,2,,,2,,2,,0.0,0.0,0.0,0.0,0.0,0.0,0.0,0.0,0.0,28.0,36.0,58.0,24.0,22.0,8.0,10.0,10.0,2.0,0.0,0.0,0.0,0.0,0.0,0.0,0.0,0.0,,0.0,,0.0,,,1.0,404.0,34.0,28.0,38.0,8.0,22.0,6.0,6.0,,2.0,,2.0,,,1430.0,0.0,0.0,0.0,2.0,2.0,2.0
แก้มน้องนางนั้นแดงกว่าใคร,,,,,,,,,0,0,0,0,0,0,0,0,0,1,1,0,1,0,1,0,1,1,1,1,1,1,0,1,1,1,1,0,0,0,0,1,0,1,0,0,0,,0,,0,,0,0,,4,10,8,8,8,114,70,102,136,1402,2614,1004,1358,1006,2906,760,1530,6296,5220,10478,3396,6182,1106,1916,4418,1710,2592,130,188,962,410,1424,30,1650,4,2,12,,2,,2,,2,2,,0.0,0.0,0.0,0.0,0.0,0.0,0.0,0.0,0.0,40.0,190.0,570.0,28.0,16.0,8.0,6.0,6.0,2.0,0.0,0.0,0.0,0.0,0.0,0.0,0.0,0.0,0.0,,0.0,,0.0,0.0,1.0,122.0,42.0,74.0,38.0,50.0,8.0,6.0,10.0,2.0,,2.0,,2.0,2.0,1556.0,,,,,,
แด่เธอแม่เนื้อหอมผู้ครอบครองโลกทั้งใบและใจของผม(ชีวรินท์ X ห้องคุณตา),,,,,,,,,0,0,0,0,0,0,0,0,0,1,0,1,0,1,1,1,1,1,1,1,1,1,0,0,0,0,1,0,0,0,0,0,0,0,0,0,,0,0,0,0,0,0,0,0,24,10,40,40,78,62,216,606,804,1846,550,1356,666,2724,12330,3680,7398,3760,6824,1736,2034,2556,604,480,280,848,1104,130,130,130,152,4,16,24,10,4,,2,4,2,2,2,38,12,26,0.0,0.0,0.0,0.0,0.0,0.0,0.0,0.0,0.0,16.0,36.0,46.0,2.0,6.0,6.0,6.0,4.0,60.0,0.0,0.0,0.0,0.0,0.0,0.0,0.0,0.0,0.0,0.0,,0.0,,,0.0,266.0,40.0,28.0,40.0,26.0,6.0,10.0,8.0,96.0,36.0,,2.0,,,586.0,0.0,0.0,0.0,16.0,2.0,2.0
แม่กำปอง,,,,,,,,,0,0,0,0,0,0,0,0,0,0,0,0,0,1,1,1,1,1,1,1,1,1,1,0,0,0,0,0,0,0,0,0,0,0,0,0,0,,,,,,,,,2,18,4,34,2,64,230,16,90,24,352,130,576,2308,2424,5242,1520,5156,15072,2062,9326,1842,4536,572,208,526,110,48,18,30,226,16,110,20,2,10,40,,,,,,,,,,0.0,0.0,0.0,0.0,0.0,0.0,0.0,,,48.0,770.0,4.0,4.0,2.0,2.0,2.0,,,,,,,,0.0,0.0,,,,,,,,,,,,,,2.0,2.0,,,,,,,,,,,,,
โกหก,,,,,,,,,,,,,0,0,0,0,0,0,1,0,1,1,1,1,1,1,1,1,1,1,1,1,1,1,0,0,0,0,0,0,0,0,0,0,0,0,0,0,0,,0,0,,,,,,4,134,48,80,62,322,868,740,2508,1632,3900,2474,2814,4480,1254,2726,1166,2868,2226,1352,3772,1454,740,292,82,134,8,12,8,76,12,24,206,20,32,2,12,,4,10,,,,,,,,,,,,,,,,,,,,,,,,,,,,,,,,,,,,,,,,,,,,,,,,,,,,,,,
โต๊ะริม,,,,,,,,,0,0,0,0,0,0,0,0,0,0,0,0,0,0,1,0,1,1,1,1,1,1,1,0,1,0,1,0,0,1,0,0,0,0,0,0,0,0,0,0,0,0,0,0,0,5,3,5,4,4,6,38,169,61,150,369,175,457,233,1021,480,1190,3652,1626,3899,1242,2967,1359,342,1191,427,764,143,270,571,133,388,93,367,196,43,64,6,5,24,10,1,3,2,4,0.0,0.0,0.0,0.0,0.0,0.0,0.0,0.0,0.0,73.0,27.0,178.0,1.0,3.0,2.0,1.0,1.0,17.0,0.0,0.0,0.0,0.0,,0.0,0.0,0.0,0.0,0.0,,0.0,0.0,0.0,0.0,63.0,56.0,47.0,2.0,,1.0,1.0,2.0,12.0,36.0,,1.0,1.0,1.0,61.0,,,,,,
ใครงามเลิศในปฐพี,,,,,,,,,0,0,0,0,0,0,1,0,1,1,1,1,0,1,1,1,1,1,1,0,1,1,1,1,1,1,1,0,1,0,1,0,0,0,0,0,,,,,,,,,,82,64,138,340,1090,516,1464,638,1484,4308,2006,5120,1254,3408,1724,1350,4764,1374,3144,736,1954,3846,2448,4576,1902,3826,1284,624,3166,654,2034,148,84,36,76,40,,,,,,,,,,,0.0,0.0,,0.0,0.0,0.0,0.0,,,2.0,16.0,,22.0,554.0,6.0,206.0,,,,,0.0,0.0,0.0,0.0,0.0,,,,,,,,,,,2.0,4.0,470.0,34.0,12.0,,,,,,,,,,,,,
ได้แต่นึกถึง,,,,,,,,,0,0,0,0,0,0,0,0,0,0,0,1,0,1,1,1,1,1,1,1,1,1,1,1,0,1,0,0,0,0,0,0,0,0,0,0,0,,0,0,0,,0,,0,4,4,6,3,5,31,23,33,249,308,399,937,525,1380,1014,1179,3669,1999,3073,1550,2806,2272,864,1418,497,668,388,363,321,169,22,2,12,4,7,71,1,,1,1,2,,2,,2,,0.0,0.0,0.0,0.0,0.0,0.0,0.0,,,12.0,140.0,2.0,2.0,2.0,3.0,4.0,,,,0.0,0.0,0.0,0.0,0.0,,0.0,,,0.0,,0.0,,,,1.0,1.0,1.0,1.0,1.0,,2.0,,,2.0,,4.0,,0.0,0.0,0.0,2.0,2.0,17.0
ไม่เคย,,,,,,,,,,0,,0,0,0,0,1,0,0,0,1,0,0,1,0,0,0,1,1,1,1,1,1,0,1,1,0,1,0,1,0,0,0,0,0,0,0,0,0,0,0,0,,0,,18,,4,4,12,54,1582,76,144,296,1218,206,278,1708,462,472,578,2532,8244,1532,3264,2026,3096,688,854,4202,704,2900,584,1310,384,16,58,112,14,10,70,70,2,6,4,8,,74,0.0,0.0,0.0,0.0,0.0,0.0,,0.0,0.0,2.0,16.0,156.0,2.0,2.0,2.0,,6.0,2.0,,0.0,0.0,,,,,0.0,0.0,0.0,0.0,0.0,0.0,0.0,,,2.0,6.0,,,,,2.0,2.0,2.0,4.0,2.0,4.0,22.0,,0.0,,0.0,4.0,,32.0
ไม่เป็นรอง,,,,,,,,,0,0,,0,0,0,0,0,0,0,1,1,1,1,1,1,1,1,1,1,1,1,1,0,1,0,0,0,0,0,0,0,0,0,0,0,0,0,0,0,0,0,0,,0,1,1,,4,5,150,48,251,178,324,792,910,2291,717,1619,903,2052,5253,1579,3657,1317,1872,704,535,1929,233,440,31,18,117,40,162,6,3,2,5,1,14,4,2,2,2,2,,3,0.0,0.0,0.0,0.0,0.0,0.0,0.0,0.0,0.0,8.0,12.0,17.0,4.0,17.0,1.0,2.0,2.0,3.0,0.0,0.0,0.0,0.0,0.0,0.0,,,0.0,,0.0,0.0,0.0,0.0,1.0,89.0,25.0,4.0,6.0,23.0,1.0,,,2.0,,2.0,1.0,7.0,12.0,876.0,0.0,0.0,0.0,3.0,27.0,8.0
スノードーム ⧸ 『ユイカ』【MV】,,,,,,,,,,,,,,0,0,0,0,0,0,0,0,0,0,0,0,1,1,1,1,1,1,1,1,1,1,0,0,1,1,0,0,0,0,0,0,0,0,0,0,0,0,0,0,,,,,,20,14,54,84,120,592,260,406,388,744,762,602,2304,888,1212,986,1890,7630,1852,5824,2844,2296,546,518,3754,844,606,264,394,504,108,202,74,20,66,26,68,36,84,58,,,,,,,,,0.0,,,,,,,,,10.0,,,,,,,,,0.0,,,,,,,,,,,,,,,56.0,,,,,,,,,,,,
好きだから。⧸ 『ユイカ』【MV】,,,,,,,,,0,0,,0,0,0,0,0,0,0,0,0,0,1,1,1,1,1,1,1,1,1,1,1,1,1,1,1,1,0,0,0,0,0,0,0,0,0,0,0,0,0,0,0,0,12,72,,4,8,4,26,40,298,796,628,526,518,1354,1726,2952,1348,1542,1646,1718,11676,4440,6396,2316,4364,2218,1306,5250,1258,1122,242,750,858,840,216,202,74,72,4,16,16,12,16,12,214,,0.0,0.0,0.0,0.0,0.0,0.0,,0.0,,26.0,486.0,2.0,2.0,2.0,2.0,,8.0,0.0,0.0,0.0,0.0,0.0,,,0.0,,,,,,,,12.0,4.0,2.0,6.0,8.0,,,2.0,,,,,,,,,,,,,
恋泥棒。 ⧸ 『ユイカ』【MV】,,,,,,,,,0,,0,0,0,0,0,0,1,0,0,0,0,1,1,1,1,1,1,1,1,1,1,1,1,0,1,0,0,0,0,0,0,0,0,0,0,0,0,0,0,0,0,0,0,2,,4,2,2,10,30,170,950,428,444,638,796,966,3694,2336,1276,1222,2194,6484,2382,4450,2618,5202,2784,790,2052,330,494,250,88,66,44,68,80,74,46,82,8,14,72,2,12,2,122,0.0,0.0,0.0,0.0,0.0,0.0,0.0,0.0,0.0,22.0,22.0,62.0,2.0,2.0,4.0,2.0,4.0,8.0,0.0,0.0,0.0,0.0,0.0,0.0,0.0,0.0,,,,,,,,60.0,30.0,4.0,2.0,2.0,2.0,2.0,2.0,,,,,,,,,,,,,
